ID,Start Date,End Date,Time,Bell ID,Bell Message,Paul ID,Adhikaram ID,Thirukkural ID
1,01-10-2024,01-10-2024,8:25:00,4001,Short Bell,3001,2001,1
2,01-10-2024,01-10-2024,8:30:00,4002,Good morning  Assembly,,,
3,01-10-2024,01-10-2024,8:50:00,4003,Period - 1,,,
4,01-10-2024,01-10-2024,9:30:00,4004,Break Time,,,
5,01-10-2024,01-10-2024,9:40:00,4005,Period - 2,,,
6,01-10-2024,01-10-2024,10:20:00,4006,Period - 3,,,
7,01-10-2024,01-10-2024,11:00:00,4007,Period - 4,,,
8,01-10-2024,01-10-2024,11:40:00,4008,Lunch time Starts,3001,2001,2
9,01-10-2024,01-10-2024,12:10:00,4009,Period - 5,,,
10,01-10-2024,01-10-2024,12:50:00,4010,Period - 6,,,
11,01-10-2024,01-10-2024,13:30:00,4011,Period - 7,,,
12,01-10-2024,01-10-2024,14:10:00,4012,Medditation Time,,,
13,01-10-2024,01-10-2024,14:25:00,4013,Period - 8,,,
14,01-10-2024,01-10-2024,15:05:00,4014,Period - 9,,,
15,01-10-2024,01-10-2024,15:30:00,4015,Van Student,3001,2001,3
16,01-10-2024,01-10-2024,15:45:00,4016,School Closed Bye Bye,,,
17,02-10-2024,02-10-2024,8:25:00,4001,Short Bell,3001,2001,4
18,02-10-2024,02-10-2024,8:30:00,4002,Good morning  Assembly,,,
19,02-10-2024,02-10-2024,8:50:00,4003,Period - 1,,,
20,02-10-2024,02-10-2024,9:30:00,4004,Break Time,,,
21,02-10-2024,02-10-2024,9:40:00,4005,Period - 2,,,
22,02-10-2024,02-10-2024,10:20:00,4006,Period - 3,,,
23,02-10-2024,02-10-2024,11:00:00,4007,Period - 4,,,
24,02-10-2024,02-10-2024,11:40:00,4008,Lunch time Starts,3001,2001,5
25,02-10-2024,02-10-2024,12:10:00,4009,Period - 5,,,
26,02-10-2024,02-10-2024,12:50:00,4010,Period - 6,,,
27,02-10-2024,02-10-2024,13:30:00,4011,Period - 7,,,
28,02-10-2024,02-10-2024,14:10:00,4012,Medditation Time,,,
29,02-10-2024,02-10-2024,14:25:00,4013,Period - 8,,,
30,02-10-2024,02-10-2024,15:05:00,4014,Period - 9,,,
31,02-10-2024,02-10-2024,15:30:00,4015,Van Student,3001,2001,6
32,02-10-2024,02-10-2024,15:45:00,4016,School Closed Bye Bye,,,
33,03-10-2024,03-10-2024,8:25:00,4001,Short Bell,3001,2001,7
34,03-10-2024,03-10-2024,8:30:00,4002,Good morning  Assembly,,,
35,03-10-2024,03-10-2024,8:50:00,4003,Period - 1,,,
36,03-10-2024,03-10-2024,9:30:00,4004,Break Time,,,
37,03-10-2024,03-10-2024,9:40:00,4005,Period - 2,,,
38,03-10-2024,03-10-2024,10:20:00,4006,Period - 3,,,
39,03-10-2024,03-10-2024,11:00:00,4007,Period - 4,,,
40,03-10-2024,03-10-2024,11:40:00,4008,Lunch time Starts,3001,2001,8
41,03-10-2024,03-10-2024,12:10:00,4009,Period - 5,,,
42,03-10-2024,03-10-2024,12:50:00,4010,Period - 6,,,
43,03-10-2024,03-10-2024,13:30:00,4011,Period - 7,,,
44,03-10-2024,03-10-2024,14:10:00,4012,Medditation Time,,,
45,03-10-2024,03-10-2024,14:25:00,4013,Period - 8,,,
46,03-10-2024,03-10-2024,15:05:00,4014,Period - 9,,,
47,03-10-2024,03-10-2024,15:30:00,4015,Van Student,3001,2001,9
48,03-10-2024,03-10-2024,15:45:00,4016,School Closed Bye Bye,,,
49,04-10-2024,04-10-2024,8:25:00,4001,Short Bell,3001,2001,10
50,04-10-2024,04-10-2024,8:30:00,4002,Good morning  Assembly,,,
51,04-10-2024,04-10-2024,8:50:00,4003,Period - 1,,,
52,04-10-2024,04-10-2024,9:30:00,4004,Break Time,,,
53,04-10-2024,04-10-2024,9:40:00,4005,Period - 2,,,
54,04-10-2024,04-10-2024,10:20:00,4006,Period - 3,,,
55,04-10-2024,04-10-2024,11:00:00,4007,Period - 4,,,
56,04-10-2024,04-10-2024,11:40:00,4008,Lunch time Starts,3001,2002,11
57,04-10-2024,04-10-2024,12:10:00,4009,Period - 5,,,
58,04-10-2024,04-10-2024,12:50:00,4010,Period - 6,,,
59,04-10-2024,04-10-2024,13:30:00,4011,Period - 7,,,
60,04-10-2024,04-10-2024,14:10:00,4012,Medditation Time,,,
61,04-10-2024,04-10-2024,14:25:00,4013,Period - 8,,,
62,04-10-2024,04-10-2024,15:05:00,4014,Period - 9,,,
63,04-10-2024,04-10-2024,15:30:00,4015,Van Student,3001,2002,12
64,04-10-2024,04-10-2024,15:45:00,4016,School Closed Bye Bye,,,
65,05-10-2024,05-10-2024,8:25:00,4001,Short Bell,3001,2002,13
66,05-10-2024,05-10-2024,8:30:00,4002,Good morning  Assembly,,,
67,05-10-2024,05-10-2024,8:50:00,4003,Period - 1,,,
68,05-10-2024,05-10-2024,9:30:00,4004,Break Time,,,
69,05-10-2024,05-10-2024,9:40:00,4005,Period - 2,,,
70,05-10-2024,05-10-2024,10:20:00,4006,Period - 3,,,
71,05-10-2024,05-10-2024,11:00:00,4007,Period - 4,,,
72,05-10-2024,05-10-2024,11:40:00,4008,Lunch time Starts,3001,2002,14
73,05-10-2024,05-10-2024,12:10:00,4009,Period - 5,,,
74,05-10-2024,05-10-2024,12:50:00,4010,Period - 6,,,
75,05-10-2024,05-10-2024,13:30:00,4011,Period - 7,,,
76,05-10-2024,05-10-2024,14:10:00,4012,Medditation Time,,,
77,05-10-2024,05-10-2024,14:25:00,4013,Period - 8,,,
78,05-10-2024,05-10-2024,15:05:00,4014,Period - 9,,,
79,05-10-2024,05-10-2024,15:30:00,4015,Van Student,3001,2002,15
80,05-10-2024,05-10-2024,15:45:00,4016,School Closed Bye Bye,,,
81,07-10-2024,07-10-2024,8:25:00,4001,Short Bell,3001,2002,16
82,07-10-2024,07-10-2024,8:30:00,4002,Good morning  Assembly,,,
83,07-10-2024,07-10-2024,8:50:00,4003,Period - 1,,,
84,07-10-2024,07-10-2024,9:30:00,4004,Break Time,,,
85,07-10-2024,07-10-2024,9:40:00,4005,Period - 2,,,
86,07-10-2024,07-10-2024,10:20:00,4006,Period - 3,,,
87,07-10-2024,07-10-2024,11:00:00,4007,Period - 4,,,
88,07-10-2024,07-10-2024,11:40:00,4008,Lunch time Starts,3001,2002,17
89,07-10-2024,07-10-2024,12:10:00,4009,Period - 5,,,
90,07-10-2024,07-10-2024,12:50:00,4010,Period - 6,,,
91,07-10-2024,07-10-2024,13:30:00,4011,Period - 7,,,
92,07-10-2024,07-10-2024,14:10:00,4012,Medditation Time,,,
93,07-10-2024,07-10-2024,14:25:00,4013,Period - 8,,,
94,07-10-2024,07-10-2024,15:05:00,4014,Period - 9,,,
95,07-10-2024,07-10-2024,15:30:00,4015,Van Student,3001,2002,18
96,07-10-2024,07-10-2024,15:45:00,4016,School Closed Bye Bye,,,
97,08-10-2024,08-10-2024,8:25:00,4001,Short Bell,3001,2002,19
98,08-10-2024,08-10-2024,8:30:00,4002,Good morning  Assembly,,,
99,08-10-2024,08-10-2024,8:50:00,4003,Period - 1,,,
100,08-10-2024,08-10-2024,9:30:00,4004,Break Time,,,
101,08-10-2024,08-10-2024,9:40:00,4005,Period - 2,,,
102,08-10-2024,08-10-2024,10:20:00,4006,Period - 3,,,
103,08-10-2024,08-10-2024,11:00:00,4007,Period - 4,,,
104,08-10-2024,08-10-2024,11:40:00,4008,Lunch time Starts,3001,2002,20
105,08-10-2024,08-10-2024,12:10:00,4009,Period - 5,,,
106,08-10-2024,08-10-2024,12:50:00,4010,Period - 6,,,
107,08-10-2024,08-10-2024,13:30:00,4011,Period - 7,,,
108,08-10-2024,08-10-2024,14:10:00,4012,Medditation Time,,,
109,08-10-2024,08-10-2024,14:25:00,4013,Period - 8,,,
110,08-10-2024,08-10-2024,15:05:00,4014,Period - 9,,,
111,08-10-2024,08-10-2024,15:30:00,4015,Van Student,3001,2003,21
112,08-10-2024,08-10-2024,15:45:00,4016,School Closed Bye Bye,,,
113,09-10-2024,09-10-2024,8:25:00,4001,Short Bell,3001,2003,22
114,09-10-2024,09-10-2024,8:30:00,4002,Good morning  Assembly,,,
115,09-10-2024,09-10-2024,8:50:00,4003,Period - 1,,,
116,09-10-2024,09-10-2024,9:30:00,4004,Break Time,,,
117,09-10-2024,09-10-2024,9:40:00,4005,Period - 2,,,
118,09-10-2024,09-10-2024,10:20:00,4006,Period - 3,,,
119,09-10-2024,09-10-2024,11:00:00,4007,Period - 4,,,
120,09-10-2024,09-10-2024,11:40:00,4008,Lunch time Starts,3001,2003,23
121,09-10-2024,09-10-2024,12:10:00,4009,Period - 5,,,
122,09-10-2024,09-10-2024,12:50:00,4010,Period - 6,,,
123,09-10-2024,09-10-2024,13:30:00,4011,Period - 7,,,
124,09-10-2024,09-10-2024,14:10:00,4012,Medditation Time,,,
125,09-10-2024,09-10-2024,14:25:00,4013,Period - 8,,,
126,09-10-2024,09-10-2024,15:05:00,4014,Period - 9,,,
127,09-10-2024,09-10-2024,15:30:00,4015,Van Student,3001,2003,24
128,09-10-2024,09-10-2024,15:45:00,4016,School Closed Bye Bye,,,
129,10-10-2024,10-10-2024,8:25:00,4001,Short Bell,3001,2003,25
130,10-10-2024,10-10-2024,8:30:00,4002,Good morning  Assembly,,,
131,10-10-2024,10-10-2024,8:50:00,4003,Period - 1,,,
132,10-10-2024,10-10-2024,9:30:00,4004,Break Time,,,
133,10-10-2024,10-10-2024,9:40:00,4005,Period - 2,,,
134,10-10-2024,10-10-2024,10:20:00,4006,Period - 3,,,
135,10-10-2024,10-10-2024,11:00:00,4007,Period - 4,,,
136,10-10-2024,10-10-2024,11:40:00,4008,Lunch time Starts,3001,2003,26
137,10-10-2024,10-10-2024,12:10:00,4009,Period - 5,,,
138,10-10-2024,10-10-2024,12:50:00,4010,Period - 6,,,
139,10-10-2024,10-10-2024,13:30:00,4011,Period - 7,,,
140,10-10-2024,10-10-2024,14:10:00,4012,Medditation Time,,,
141,10-10-2024,10-10-2024,14:25:00,4013,Period - 8,,,
142,10-10-2024,10-10-2024,15:05:00,4014,Period - 9,,,
143,10-10-2024,10-10-2024,15:30:00,4015,Van Student,3001,2003,27
144,10-10-2024,10-10-2024,15:45:00,4016,School Closed Bye Bye,,,
145,11-10-2024,11-10-2024,8:25:00,4001,Short Bell,3001,2003,28
146,11-10-2024,11-10-2024,8:30:00,4002,Good morning  Assembly,,,
147,11-10-2024,11-10-2024,8:50:00,4003,Period - 1,,,
148,11-10-2024,11-10-2024,9:30:00,4004,Break Time,,,
149,11-10-2024,11-10-2024,9:40:00,4005,Period - 2,,,
150,11-10-2024,11-10-2024,10:20:00,4006,Period - 3,,,
151,11-10-2024,11-10-2024,11:00:00,4007,Period - 4,,,
152,11-10-2024,11-10-2024,11:40:00,4008,Lunch time Starts,3001,2003,29
153,11-10-2024,11-10-2024,12:10:00,4009,Period - 5,,,
154,11-10-2024,11-10-2024,12:50:00,4010,Period - 6,,,
155,11-10-2024,11-10-2024,13:30:00,4011,Period - 7,,,
156,11-10-2024,11-10-2024,14:10:00,4012,Medditation Time,,,
157,11-10-2024,11-10-2024,14:25:00,4013,Period - 8,,,
158,11-10-2024,11-10-2024,15:05:00,4014,Period - 9,,,
159,11-10-2024,11-10-2024,15:30:00,4015,Van Student,3001,2003,30
160,11-10-2024,11-10-2024,15:45:00,4016,School Closed Bye Bye,,,
161,12-10-2024,12-10-2024,8:25:00,4001,Short Bell,3001,2004,31
162,12-10-2024,12-10-2024,8:30:00,4002,Good morning  Assembly,,,
163,12-10-2024,12-10-2024,8:50:00,4003,Period - 1,,,
164,12-10-2024,12-10-2024,9:30:00,4004,Break Time,,,
165,12-10-2024,12-10-2024,9:40:00,4005,Period - 2,,,
166,12-10-2024,12-10-2024,10:20:00,4006,Period - 3,,,
167,12-10-2024,12-10-2024,11:00:00,4007,Period - 4,,,
168,12-10-2024,12-10-2024,11:40:00,4008,Lunch time Starts,3001,2004,32
169,12-10-2024,12-10-2024,12:10:00,4009,Period - 5,,,
170,12-10-2024,12-10-2024,12:50:00,4010,Period - 6,,,
171,12-10-2024,12-10-2024,13:30:00,4011,Period - 7,,,
172,12-10-2024,12-10-2024,14:10:00,4012,Medditation Time,,,
173,12-10-2024,12-10-2024,14:25:00,4013,Period - 8,,,
174,12-10-2024,12-10-2024,15:05:00,4014,Period - 9,,,
175,12-10-2024,12-10-2024,15:30:00,4015,Van Student,3001,2004,33
176,12-10-2024,12-10-2024,15:45:00,4016,School Closed Bye Bye,,,
177,14-10-2024,14-10-2024,8:25:00,4001,Short Bell,3001,2004,34
178,14-10-2024,14-10-2024,8:30:00,4002,Good morning  Assembly,,,
179,14-10-2024,14-10-2024,8:50:00,4003,Period - 1,,,
180,14-10-2024,14-10-2024,9:30:00,4004,Break Time,,,
181,14-10-2024,14-10-2024,9:40:00,4005,Period - 2,,,
182,14-10-2024,14-10-2024,10:20:00,4006,Period - 3,,,
183,14-10-2024,14-10-2024,11:00:00,4007,Period - 4,,,
184,14-10-2024,14-10-2024,11:40:00,4008,Lunch time Starts,3001,2004,35
185,14-10-2024,14-10-2024,12:10:00,4009,Period - 5,,,
186,14-10-2024,14-10-2024,12:50:00,4010,Period - 6,,,
187,14-10-2024,14-10-2024,13:30:00,4011,Period - 7,,,
188,14-10-2024,14-10-2024,14:10:00,4012,Medditation Time,,,
189,14-10-2024,14-10-2024,14:25:00,4013,Period - 8,,,
190,14-10-2024,14-10-2024,15:05:00,4014,Period - 9,,,
191,14-10-2024,14-10-2024,15:30:00,4015,Van Student,3001,2004,36
192,14-10-2024,14-10-2024,15:45:00,4016,School Closed Bye Bye,,,
193,15-10-2024,15-10-2024,8:25:00,4001,Short Bell,3001,2004,37
194,15-10-2024,15-10-2024,8:30:00,4002,Good morning  Assembly,,,
195,15-10-2024,15-10-2024,8:50:00,4003,Period - 1,,,
196,15-10-2024,15-10-2024,9:30:00,4004,Break Time,,,
197,15-10-2024,15-10-2024,9:40:00,4005,Period - 2,,,
198,15-10-2024,15-10-2024,10:20:00,4006,Period - 3,,,
199,15-10-2024,15-10-2024,11:00:00,4007,Period - 4,,,
200,15-10-2024,15-10-2024,11:40:00,4008,Lunch time Starts,3001,2004,38
201,15-10-2024,15-10-2024,12:10:00,4009,Period - 5,,,
202,15-10-2024,15-10-2024,12:50:00,4010,Period - 6,,,
203,15-10-2024,15-10-2024,13:30:00,4011,Period - 7,,,
204,15-10-2024,15-10-2024,14:10:00,4012,Medditation Time,,,
205,15-10-2024,15-10-2024,14:25:00,4013,Period - 8,,,
206,15-10-2024,15-10-2024,15:05:00,4014,Period - 9,,,
207,15-10-2024,15-10-2024,15:30:00,4015,Van Student,3001,2004,39
208,15-10-2024,15-10-2024,15:45:00,4016,School Closed Bye Bye,,,
209,16-10-2024,16-10-2024,8:25:00,4001,Short Bell,3001,2004,40
210,16-10-2024,16-10-2024,8:30:00,4002,Good morning  Assembly,,,
211,16-10-2024,16-10-2024,8:50:00,4003,Period - 1,,,
212,16-10-2024,16-10-2024,9:30:00,4004,Break Time,,,
213,16-10-2024,16-10-2024,9:40:00,4005,Period - 2,,,
214,16-10-2024,16-10-2024,10:20:00,4006,Period - 3,,,
215,16-10-2024,16-10-2024,11:00:00,4007,Period - 4,,,
216,16-10-2024,16-10-2024,11:40:00,4008,Lunch time Starts,3001,2005,41
217,16-10-2024,16-10-2024,12:10:00,4009,Period - 5,,,
218,16-10-2024,16-10-2024,12:50:00,4010,Period - 6,,,
219,16-10-2024,16-10-2024,13:30:00,4011,Period - 7,,,
220,16-10-2024,16-10-2024,14:10:00,4012,Medditation Time,,,
221,16-10-2024,16-10-2024,14:25:00,4013,Period - 8,,,
222,16-10-2024,16-10-2024,15:05:00,4014,Period - 9,,,
223,16-10-2024,16-10-2024,15:30:00,4015,Van Student,3001,2005,42
224,16-10-2024,16-10-2024,15:45:00,4016,School Closed Bye Bye,,,
225,17-10-2024,17-10-2024,8:25:00,4001,Short Bell,3001,2005,43
226,17-10-2024,17-10-2024,8:30:00,4002,Good morning  Assembly,,,
227,17-10-2024,17-10-2024,8:50:00,4003,Period - 1,,,
228,17-10-2024,17-10-2024,9:30:00,4004,Break Time,,,
229,17-10-2024,17-10-2024,9:40:00,4005,Period - 2,,,
230,17-10-2024,17-10-2024,10:20:00,4006,Period - 3,,,
231,17-10-2024,17-10-2024,11:00:00,4007,Period - 4,,,
232,17-10-2024,17-10-2024,11:40:00,4008,Lunch time Starts,3001,2005,44
233,17-10-2024,17-10-2024,12:10:00,4009,Period - 5,,,
234,17-10-2024,17-10-2024,12:50:00,4010,Period - 6,,,
235,17-10-2024,17-10-2024,13:30:00,4011,Period - 7,,,
236,17-10-2024,17-10-2024,14:10:00,4012,Medditation Time,,,
237,17-10-2024,17-10-2024,14:25:00,4013,Period - 8,,,
238,17-10-2024,17-10-2024,15:05:00,4014,Period - 9,,,
239,17-10-2024,17-10-2024,15:30:00,4015,Van Student,3001,2005,45
240,17-10-2024,17-10-2024,15:45:00,4016,School Closed Bye Bye,,,
241,18-10-2024,18-10-2024,8:25:00,4001,Short Bell,3001,2005,46
242,18-10-2024,18-10-2024,8:30:00,4002,Good morning  Assembly,,,
243,18-10-2024,18-10-2024,8:50:00,4003,Period - 1,,,
244,18-10-2024,18-10-2024,9:30:00,4004,Break Time,,,
245,18-10-2024,18-10-2024,9:40:00,4005,Period - 2,,,
246,18-10-2024,18-10-2024,10:20:00,4006,Period - 3,,,
247,18-10-2024,18-10-2024,11:00:00,4007,Period - 4,,,
248,18-10-2024,18-10-2024,11:40:00,4008,Lunch time Starts,3001,2005,47
249,18-10-2024,18-10-2024,12:10:00,4009,Period - 5,,,
250,18-10-2024,18-10-2024,12:50:00,4010,Period - 6,,,
251,18-10-2024,18-10-2024,13:30:00,4011,Period - 7,,,
252,18-10-2024,18-10-2024,14:10:00,4012,Medditation Time,,,
253,18-10-2024,18-10-2024,14:25:00,4013,Period - 8,,,
254,18-10-2024,18-10-2024,15:05:00,4014,Period - 9,,,
255,18-10-2024,18-10-2024,15:30:00,4015,Van Student,3001,2005,48
256,18-10-2024,18-10-2024,15:45:00,4016,School Closed Bye Bye,,,
257,19-10-2024,19-10-2024,8:25:00,4001,Short Bell,3001,2005,49
258,19-10-2024,19-10-2024,8:30:00,4002,Good morning  Assembly,,,
259,19-10-2024,19-10-2024,8:50:00,4003,Period - 1,,,
260,19-10-2024,19-10-2024,9:30:00,4004,Break Time,,,
261,19-10-2024,19-10-2024,9:40:00,4005,Period - 2,,,
262,19-10-2024,19-10-2024,10:20:00,4006,Period - 3,,,
263,19-10-2024,19-10-2024,11:00:00,4007,Period - 4,,,
264,19-10-2024,19-10-2024,11:40:00,4008,Lunch time Starts,3001,2005,50
265,19-10-2024,19-10-2024,12:10:00,4009,Period - 5,,,
266,19-10-2024,19-10-2024,12:50:00,4010,Period - 6,,,
267,19-10-2024,19-10-2024,13:30:00,4011,Period - 7,,,
268,19-10-2024,19-10-2024,14:10:00,4012,Medditation Time,,,
269,19-10-2024,19-10-2024,14:25:00,4013,Period - 8,,,
270,19-10-2024,19-10-2024,15:05:00,4014,Period - 9,,,
271,19-10-2024,19-10-2024,15:30:00,4015,Van Student,3001,2006,51
272,19-10-2024,19-10-2024,15:45:00,4016,School Closed Bye Bye,,,
273,21-10-2024,21-10-2024,8:25:00,4001,Short Bell,3001,2006,52
274,21-10-2024,21-10-2024,8:30:00,4002,Good morning  Assembly,,,
275,21-10-2024,21-10-2024,8:50:00,4003,Period - 1,,,
276,21-10-2024,21-10-2024,9:30:00,4004,Break Time,,,
277,21-10-2024,21-10-2024,9:40:00,4005,Period - 2,,,
278,21-10-2024,21-10-2024,10:20:00,4006,Period - 3,,,
279,21-10-2024,21-10-2024,11:00:00,4007,Period - 4,,,
280,21-10-2024,21-10-2024,11:40:00,4008,Lunch time Starts,3001,2006,53
281,21-10-2024,21-10-2024,12:10:00,4009,Period - 5,,,
282,21-10-2024,21-10-2024,12:50:00,4010,Period - 6,,,
283,21-10-2024,21-10-2024,13:30:00,4011,Period - 7,,,
284,21-10-2024,21-10-2024,14:10:00,4012,Medditation Time,,,
285,21-10-2024,21-10-2024,14:25:00,4013,Period - 8,,,
286,21-10-2024,21-10-2024,15:05:00,4014,Period - 9,,,
287,21-10-2024,21-10-2024,15:30:00,4015,Van Student,3001,2006,54
288,21-10-2024,21-10-2024,15:45:00,4016,School Closed Bye Bye,,,
289,22-10-2024,22-10-2024,8:25:00,4001,Short Bell,3001,2006,55
290,22-10-2024,22-10-2024,8:30:00,4002,Good morning  Assembly,,,
291,22-10-2024,22-10-2024,8:50:00,4003,Period - 1,,,
292,22-10-2024,22-10-2024,9:30:00,4004,Break Time,,,
293,22-10-2024,22-10-2024,9:40:00,4005,Period - 2,,,
294,22-10-2024,22-10-2024,10:20:00,4006,Period - 3,,,
295,22-10-2024,22-10-2024,11:00:00,4007,Period - 4,,,
296,22-10-2024,22-10-2024,11:40:00,4008,Lunch time Starts,3001,2006,56
297,22-10-2024,22-10-2024,12:10:00,4009,Period - 5,,,
298,22-10-2024,22-10-2024,12:50:00,4010,Period - 6,,,
299,22-10-2024,22-10-2024,13:30:00,4011,Period - 7,,,
300,22-10-2024,22-10-2024,14:10:00,4012,Medditation Time,,,
301,22-10-2024,22-10-2024,14:25:00,4013,Period - 8,,,
302,22-10-2024,22-10-2024,15:05:00,4014,Period - 9,,,
303,22-10-2024,22-10-2024,15:30:00,4015,Van Student,3001,2006,57
304,22-10-2024,22-10-2024,15:45:00,4016,School Closed Bye Bye,,,
305,23-10-2024,23-10-2024,8:25:00,4001,Short Bell,3001,2006,58
306,23-10-2024,23-10-2024,8:30:00,4002,Good morning  Assembly,,,
307,23-10-2024,23-10-2024,8:50:00,4003,Period - 1,,,
308,23-10-2024,23-10-2024,9:30:00,4004,Break Time,,,
309,23-10-2024,23-10-2024,9:40:00,4005,Period - 2,,,
310,23-10-2024,23-10-2024,10:20:00,4006,Period - 3,,,
311,23-10-2024,23-10-2024,11:00:00,4007,Period - 4,,,
312,23-10-2024,23-10-2024,11:40:00,4008,Lunch time Starts,3001,2006,59
313,23-10-2024,23-10-2024,12:10:00,4009,Period - 5,,,
314,23-10-2024,23-10-2024,12:50:00,4010,Period - 6,,,
315,23-10-2024,23-10-2024,13:30:00,4011,Period - 7,,,
316,23-10-2024,23-10-2024,14:10:00,4012,Medditation Time,,,
317,23-10-2024,23-10-2024,14:25:00,4013,Period - 8,,,
318,23-10-2024,23-10-2024,15:05:00,4014,Period - 9,,,
319,23-10-2024,23-10-2024,15:30:00,4015,Van Student,3001,2006,60
320,23-10-2024,23-10-2024,15:45:00,4016,School Closed Bye Bye,,,
321,24-10-2024,24-10-2024,8:25:00,4001,Short Bell,3001,2007,61
322,24-10-2024,24-10-2024,8:30:00,4002,Good morning  Assembly,,,
323,24-10-2024,24-10-2024,8:50:00,4003,Period - 1,,,
324,24-10-2024,24-10-2024,9:30:00,4004,Break Time,,,
325,24-10-2024,24-10-2024,9:40:00,4005,Period - 2,,,
326,24-10-2024,24-10-2024,10:20:00,4006,Period - 3,,,
327,24-10-2024,24-10-2024,11:00:00,4007,Period - 4,,,
328,24-10-2024,24-10-2024,11:40:00,4008,Lunch time Starts,3001,2007,62
329,24-10-2024,24-10-2024,12:10:00,4009,Period - 5,,,
330,24-10-2024,24-10-2024,12:50:00,4010,Period - 6,,,
331,24-10-2024,24-10-2024,13:30:00,4011,Period - 7,,,
332,24-10-2024,24-10-2024,14:10:00,4012,Medditation Time,,,
333,24-10-2024,24-10-2024,14:25:00,4013,Period - 8,,,
334,24-10-2024,24-10-2024,15:05:00,4014,Period - 9,,,
335,24-10-2024,24-10-2024,15:30:00,4015,Van Student,3001,2007,63
336,24-10-2024,24-10-2024,15:45:00,4016,School Closed Bye Bye,,,
337,25-10-2024,25-10-2024,8:25:00,4001,Short Bell,3001,2007,64
338,25-10-2024,25-10-2024,8:30:00,4002,Good morning  Assembly,,,
339,25-10-2024,25-10-2024,8:50:00,4003,Period - 1,,,
340,25-10-2024,25-10-2024,9:30:00,4004,Break Time,,,
341,25-10-2024,25-10-2024,9:40:00,4005,Period - 2,,,
342,25-10-2024,25-10-2024,10:20:00,4006,Period - 3,,,
343,25-10-2024,25-10-2024,11:00:00,4007,Period - 4,,,
344,25-10-2024,25-10-2024,11:40:00,4008,Lunch time Starts,3001,2007,65
345,25-10-2024,25-10-2024,12:10:00,4009,Period - 5,,,
346,25-10-2024,25-10-2024,12:50:00,4010,Period - 6,,,
347,25-10-2024,25-10-2024,13:30:00,4011,Period - 7,,,
348,25-10-2024,25-10-2024,14:10:00,4012,Medditation Time,,,
349,25-10-2024,25-10-2024,14:25:00,4013,Period - 8,,,
350,25-10-2024,25-10-2024,15:05:00,4014,Period - 9,,,
351,25-10-2024,25-10-2024,15:30:00,4015,Van Student,3001,2007,66
352,25-10-2024,25-10-2024,15:45:00,4016,School Closed Bye Bye,,,
353,26-10-2024,26-10-2024,8:25:00,4001,Short Bell,3001,2007,67
354,26-10-2024,26-10-2024,8:30:00,4002,Good morning  Assembly,,,
355,26-10-2024,26-10-2024,8:50:00,4003,Period - 1,,,
356,26-10-2024,26-10-2024,9:30:00,4004,Break Time,,,
357,26-10-2024,26-10-2024,9:40:00,4005,Period - 2,,,
358,26-10-2024,26-10-2024,10:20:00,4006,Period - 3,,,
359,26-10-2024,26-10-2024,11:00:00,4007,Period - 4,,,
360,26-10-2024,26-10-2024,11:40:00,4008,Lunch time Starts,3001,2007,68
361,26-10-2024,26-10-2024,12:10:00,4009,Period - 5,,,
362,26-10-2024,26-10-2024,12:50:00,4010,Period - 6,,,
363,26-10-2024,26-10-2024,13:30:00,4011,Period - 7,,,
364,26-10-2024,26-10-2024,14:10:00,4012,Medditation Time,,,
365,26-10-2024,26-10-2024,14:25:00,4013,Period - 8,,,
366,26-10-2024,26-10-2024,15:05:00,4014,Period - 9,,,
367,26-10-2024,26-10-2024,15:30:00,4015,Van Student,3001,2007,69
368,26-10-2024,26-10-2024,15:45:00,4016,School Closed Bye Bye,,,
369,28-10-2024,28-10-2024,8:25:00,4001,Short Bell,3001,2007,70
370,28-10-2024,28-10-2024,8:30:00,4002,Good morning  Assembly,,,
371,28-10-2024,28-10-2024,8:50:00,4003,Period - 1,,,
372,28-10-2024,28-10-2024,9:30:00,4004,Break Time,,,
373,28-10-2024,28-10-2024,9:40:00,4005,Period - 2,,,
374,28-10-2024,28-10-2024,10:20:00,4006,Period - 3,,,
375,28-10-2024,28-10-2024,11:00:00,4007,Period - 4,,,
376,28-10-2024,28-10-2024,11:40:00,4008,Lunch time Starts,3001,2008,71
377,28-10-2024,28-10-2024,12:10:00,4009,Period - 5,,,
378,28-10-2024,28-10-2024,12:50:00,4010,Period - 6,,,
379,28-10-2024,28-10-2024,13:30:00,4011,Period - 7,,,
380,28-10-2024,28-10-2024,14:10:00,4012,Medditation Time,,,
381,28-10-2024,28-10-2024,14:25:00,4013,Period - 8,,,
382,28-10-2024,28-10-2024,15:05:00,4014,Period - 9,,,
383,28-10-2024,28-10-2024,15:30:00,4015,Van Student,3001,2008,72
384,28-10-2024,28-10-2024,15:45:00,4016,School Closed Bye Bye,,,
385,29-10-2024,29-10-2024,8:25:00,4001,Short Bell,3001,2008,73
386,29-10-2024,29-10-2024,8:30:00,4002,Good morning  Assembly,,,
387,29-10-2024,29-10-2024,8:50:00,4003,Period - 1,,,
388,29-10-2024,29-10-2024,9:30:00,4004,Break Time,,,
389,29-10-2024,29-10-2024,9:40:00,4005,Period - 2,,,
390,29-10-2024,29-10-2024,10:20:00,4006,Period - 3,,,
391,29-10-2024,29-10-2024,11:00:00,4007,Period - 4,,,
392,29-10-2024,29-10-2024,11:40:00,4008,Lunch time Starts,3001,2008,74
393,29-10-2024,29-10-2024,12:10:00,4009,Period - 5,,,
394,29-10-2024,29-10-2024,12:50:00,4010,Period - 6,,,
395,29-10-2024,29-10-2024,13:30:00,4011,Period - 7,,,
396,29-10-2024,29-10-2024,14:10:00,4012,Medditation Time,,,
397,29-10-2024,29-10-2024,14:25:00,4013,Period - 8,,,
398,29-10-2024,29-10-2024,15:05:00,4014,Period - 9,,,
399,29-10-2024,29-10-2024,15:30:00,4015,Van Student,3001,2008,75
400,29-10-2024,29-10-2024,15:45:00,4016,School Closed Bye Bye,,,
401,30-10-2024,30-10-2024,8:25:00,4001,Short Bell,3001,2008,76
402,30-10-2024,30-10-2024,8:30:00,4002,Good morning  Assembly,,,
403,30-10-2024,30-10-2024,8:50:00,4003,Period - 1,,,
404,30-10-2024,30-10-2024,9:30:00,4004,Break Time,,,
405,30-10-2024,30-10-2024,9:40:00,4005,Period - 2,,,
406,30-10-2024,30-10-2024,10:20:00,4006,Period - 3,,,
407,30-10-2024,30-10-2024,11:00:00,4007,Period - 4,,,
408,30-10-2024,30-10-2024,11:40:00,4008,Lunch time Starts,3001,2008,77
409,30-10-2024,30-10-2024,12:10:00,4009,Period - 5,,,
410,30-10-2024,30-10-2024,12:50:00,4010,Period - 6,,,
411,30-10-2024,30-10-2024,13:30:00,4011,Period - 7,,,
412,30-10-2024,30-10-2024,14:10:00,4012,Medditation Time,,,
413,30-10-2024,30-10-2024,14:25:00,4013,Period - 8,,,
414,30-10-2024,30-10-2024,15:05:00,4014,Period - 9,,,
415,30-10-2024,30-10-2024,15:30:00,4015,Van Student,3001,2008,78
416,30-10-2024,30-10-2024,15:45:00,4016,School Closed Bye Bye,,,
417,31-10-2024,31-10-2024,8:25:00,4001,Short Bell,3001,2008,79
418,31-10-2024,31-10-2024,8:30:00,4002,Good morning  Assembly,,,
419,31-10-2024,31-10-2024,8:50:00,4003,Period - 1,,,
420,31-10-2024,31-10-2024,9:30:00,4004,Break Time,,,
421,31-10-2024,31-10-2024,9:40:00,4005,Period - 2,,,
422,31-10-2024,31-10-2024,10:20:00,4006,Period - 3,,,
423,31-10-2024,31-10-2024,11:00:00,4007,Period - 4,,,
424,31-10-2024,31-10-2024,11:40:00,4008,Lunch time Starts,3001,2008,80
425,31-10-2024,31-10-2024,12:10:00,4009,Period - 5,,,
426,31-10-2024,31-10-2024,12:50:00,4010,Period - 6,,,
427,31-10-2024,31-10-2024,13:30:00,4011,Period - 7,,,
428,31-10-2024,31-10-2024,14:10:00,4012,Medditation Time,,,
429,31-10-2024,31-10-2024,14:25:00,4013,Period - 8,,,
430,31-10-2024,31-10-2024,15:05:00,4014,Period - 9,,,
431,31-10-2024,31-10-2024,15:30:00,4015,Van Student,3001,2009,81
432,31-10-2024,31-10-2024,15:45:00,4016,School Closed Bye Bye,,,
433,01-11-2024,01-11-2024,8:25:00,4001,Short Bell,3001,2009,82
434,01-11-2024,01-11-2024,8:30:00,4002,Good morning  Assembly,,,
435,01-11-2024,01-11-2024,8:50:00,4003,Period - 1,,,
436,01-11-2024,01-11-2024,9:30:00,4004,Break Time,,,
437,01-11-2024,01-11-2024,9:40:00,4005,Period - 2,,,
438,01-11-2024,01-11-2024,10:20:00,4006,Period - 3,,,
439,01-11-2024,01-11-2024,11:00:00,4007,Period - 4,,,
440,01-11-2024,01-11-2024,11:40:00,4008,Lunch time Starts,3001,2009,83
441,01-11-2024,01-11-2024,12:10:00,4009,Period - 5,,,
442,01-11-2024,01-11-2024,12:50:00,4010,Period - 6,,,
443,01-11-2024,01-11-2024,13:30:00,4011,Period - 7,,,
444,01-11-2024,01-11-2024,14:10:00,4012,Medditation Time,,,
445,01-11-2024,01-11-2024,14:25:00,4013,Period - 8,,,
446,01-11-2024,01-11-2024,15:05:00,4014,Period - 9,,,
447,01-11-2024,01-11-2024,15:30:00,4015,Van Student,3001,2009,84
448,01-11-2024,01-11-2024,15:45:00,4016,School Closed Bye Bye,,,
449,02-11-2024,02-11-2024,8:25:00,4001,Short Bell,3001,2009,85
450,02-11-2024,02-11-2024,8:30:00,4002,Good morning  Assembly,,,
451,02-11-2024,02-11-2024,8:50:00,4003,Period - 1,,,
452,02-11-2024,02-11-2024,9:30:00,4004,Break Time,,,
453,02-11-2024,02-11-2024,9:40:00,4005,Period - 2,,,
454,02-11-2024,02-11-2024,10:20:00,4006,Period - 3,,,
455,02-11-2024,02-11-2024,11:00:00,4007,Period - 4,,,
456,02-11-2024,02-11-2024,11:40:00,4008,Lunch time Starts,3001,2009,86
457,02-11-2024,02-11-2024,12:10:00,4009,Period - 5,,,
458,02-11-2024,02-11-2024,12:50:00,4010,Period - 6,,,
459,02-11-2024,02-11-2024,13:30:00,4011,Period - 7,,,
460,02-11-2024,02-11-2024,14:10:00,4012,Medditation Time,,,
461,02-11-2024,02-11-2024,14:25:00,4013,Period - 8,,,
462,02-11-2024,02-11-2024,15:05:00,4014,Period - 9,,,
463,02-11-2024,02-11-2024,15:30:00,4015,Van Student,3001,2009,87
464,02-11-2024,02-11-2024,15:45:00,4016,School Closed Bye Bye,,,
465,04-11-2024,04-11-2024,8:25:00,4001,Short Bell,3001,2009,88
466,04-11-2024,04-11-2024,8:30:00,4002,Good morning  Assembly,,,
467,04-11-2024,04-11-2024,8:50:00,4003,Period - 1,,,
468,04-11-2024,04-11-2024,9:30:00,4004,Break Time,,,
469,04-11-2024,04-11-2024,9:40:00,4005,Period - 2,,,
470,04-11-2024,04-11-2024,10:20:00,4006,Period - 3,,,
471,04-11-2024,04-11-2024,11:00:00,4007,Period - 4,,,
472,04-11-2024,04-11-2024,11:40:00,4008,Lunch time Starts,3001,2009,89
473,04-11-2024,04-11-2024,12:10:00,4009,Period - 5,,,
474,04-11-2024,04-11-2024,12:50:00,4010,Period - 6,,,
475,04-11-2024,04-11-2024,13:30:00,4011,Period - 7,,,
476,04-11-2024,04-11-2024,14:10:00,4012,Medditation Time,,,
477,04-11-2024,04-11-2024,14:25:00,4013,Period - 8,,,
478,04-11-2024,04-11-2024,15:05:00,4014,Period - 9,,,
479,04-11-2024,04-11-2024,15:30:00,4015,Van Student,3001,2009,90
480,04-11-2024,04-11-2024,15:45:00,4016,School Closed Bye Bye,,,
481,05-11-2024,05-11-2024,8:25:00,4001,Short Bell,3001,2010,91
482,05-11-2024,05-11-2024,8:30:00,4002,Good morning  Assembly,,,
483,05-11-2024,05-11-2024,8:50:00,4003,Period - 1,,,
484,05-11-2024,05-11-2024,9:30:00,4004,Break Time,,,
485,05-11-2024,05-11-2024,9:40:00,4005,Period - 2,,,
486,05-11-2024,05-11-2024,10:20:00,4006,Period - 3,,,
487,05-11-2024,05-11-2024,11:00:00,4007,Period - 4,,,
488,05-11-2024,05-11-2024,11:40:00,4008,Lunch time Starts,3001,2010,92
489,05-11-2024,05-11-2024,12:10:00,4009,Period - 5,,,
490,05-11-2024,05-11-2024,12:50:00,4010,Period - 6,,,
491,05-11-2024,05-11-2024,13:30:00,4011,Period - 7,,,
492,05-11-2024,05-11-2024,14:10:00,4012,Medditation Time,,,
493,05-11-2024,05-11-2024,14:25:00,4013,Period - 8,,,
494,05-11-2024,05-11-2024,15:05:00,4014,Period - 9,,,
495,05-11-2024,05-11-2024,15:30:00,4015,Van Student,3001,2010,93
496,05-11-2024,05-11-2024,15:45:00,4016,School Closed Bye Bye,,,
497,06-11-2024,06-11-2024,8:25:00,4001,Short Bell,3001,2010,94
498,06-11-2024,06-11-2024,8:30:00,4002,Good morning  Assembly,,,
499,06-11-2024,06-11-2024,8:50:00,4003,Period - 1,,,
500,06-11-2024,06-11-2024,9:30:00,4004,Break Time,,,
501,06-11-2024,06-11-2024,9:40:00,4005,Period - 2,,,
502,06-11-2024,06-11-2024,10:20:00,4006,Period - 3,,,
503,06-11-2024,06-11-2024,11:00:00,4007,Period - 4,,,
504,06-11-2024,06-11-2024,11:40:00,4008,Lunch time Starts,3001,2010,95
505,06-11-2024,06-11-2024,12:10:00,4009,Period - 5,,,
506,06-11-2024,06-11-2024,12:50:00,4010,Period - 6,,,
507,06-11-2024,06-11-2024,13:30:00,4011,Period - 7,,,
508,06-11-2024,06-11-2024,14:10:00,4012,Medditation Time,,,
509,06-11-2024,06-11-2024,14:25:00,4013,Period - 8,,,
510,06-11-2024,06-11-2024,15:05:00,4014,Period - 9,,,
511,06-11-2024,06-11-2024,15:30:00,4015,Van Student,3001,2010,96
512,06-11-2024,06-11-2024,15:45:00,4016,School Closed Bye Bye,,,
513,07-11-2024,07-11-2024,8:25:00,4001,Short Bell,3001,2010,97
514,07-11-2024,07-11-2024,8:30:00,4002,Good morning  Assembly,,,
515,07-11-2024,07-11-2024,8:50:00,4003,Period - 1,,,
516,07-11-2024,07-11-2024,9:30:00,4004,Break Time,,,
517,07-11-2024,07-11-2024,9:40:00,4005,Period - 2,,,
518,07-11-2024,07-11-2024,10:20:00,4006,Period - 3,,,
519,07-11-2024,07-11-2024,11:00:00,4007,Period - 4,,,
520,07-11-2024,07-11-2024,11:40:00,4008,Lunch time Starts,3001,2010,98
521,07-11-2024,07-11-2024,12:10:00,4009,Period - 5,,,
522,07-11-2024,07-11-2024,12:50:00,4010,Period - 6,,,
523,07-11-2024,07-11-2024,13:30:00,4011,Period - 7,,,
524,07-11-2024,07-11-2024,14:10:00,4012,Medditation Time,,,
525,07-11-2024,07-11-2024,14:25:00,4013,Period - 8,,,
526,07-11-2024,07-11-2024,15:05:00,4014,Period - 9,,,
527,07-11-2024,07-11-2024,15:30:00,4015,Van Student,3001,2010,99
528,07-11-2024,07-11-2024,15:45:00,4016,School Closed Bye Bye,,,
529,08-11-2024,08-11-2024,8:25:00,4001,Short Bell,3001,2010,100
530,08-11-2024,08-11-2024,8:30:00,4002,Good morning  Assembly,,,
531,08-11-2024,08-11-2024,8:50:00,4003,Period - 1,,,
532,08-11-2024,08-11-2024,9:30:00,4004,Break Time,,,
533,08-11-2024,08-11-2024,9:40:00,4005,Period - 2,,,
534,08-11-2024,08-11-2024,10:20:00,4006,Period - 3,,,
535,08-11-2024,08-11-2024,11:00:00,4007,Period - 4,,,
536,08-11-2024,08-11-2024,11:40:00,4008,Lunch time Starts,3001,2011,101
537,08-11-2024,08-11-2024,12:10:00,4009,Period - 5,,,
538,08-11-2024,08-11-2024,12:50:00,4010,Period - 6,,,
539,08-11-2024,08-11-2024,13:30:00,4011,Period - 7,,,
540,08-11-2024,08-11-2024,14:10:00,4012,Medditation Time,,,
541,08-11-2024,08-11-2024,14:25:00,4013,Period - 8,,,
542,08-11-2024,08-11-2024,15:05:00,4014,Period - 9,,,
543,08-11-2024,08-11-2024,15:30:00,4015,Van Student,3001,2011,102
544,08-11-2024,08-11-2024,15:45:00,4016,School Closed Bye Bye,,,
545,09-11-2024,09-11-2024,8:25:00,4001,Short Bell,3001,2011,103
546,09-11-2024,09-11-2024,8:30:00,4002,Good morning  Assembly,,,
547,09-11-2024,09-11-2024,8:50:00,4003,Period - 1,,,
548,09-11-2024,09-11-2024,9:30:00,4004,Break Time,,,
549,09-11-2024,09-11-2024,9:40:00,4005,Period - 2,,,
550,09-11-2024,09-11-2024,10:20:00,4006,Period - 3,,,
551,09-11-2024,09-11-2024,11:00:00,4007,Period - 4,,,
552,09-11-2024,09-11-2024,11:40:00,4008,Lunch time Starts,3001,2011,104
553,09-11-2024,09-11-2024,12:10:00,4009,Period - 5,,,
554,09-11-2024,09-11-2024,12:50:00,4010,Period - 6,,,
555,09-11-2024,09-11-2024,13:30:00,4011,Period - 7,,,
556,09-11-2024,09-11-2024,14:10:00,4012,Medditation Time,,,
557,09-11-2024,09-11-2024,14:25:00,4013,Period - 8,,,
558,09-11-2024,09-11-2024,15:05:00,4014,Period - 9,,,
559,09-11-2024,09-11-2024,15:30:00,4015,Van Student,3001,2011,105
560,09-11-2024,09-11-2024,15:45:00,4016,School Closed Bye Bye,,,
561,11-11-2024,11-11-2024,8:25:00,4001,Short Bell,3001,2011,106
562,11-11-2024,11-11-2024,8:30:00,4002,Good morning  Assembly,,,
563,11-11-2024,11-11-2024,8:50:00,4003,Period - 1,,,
564,11-11-2024,11-11-2024,9:30:00,4004,Break Time,,,
565,11-11-2024,11-11-2024,9:40:00,4005,Period - 2,,,
566,11-11-2024,11-11-2024,10:20:00,4006,Period - 3,,,
567,11-11-2024,11-11-2024,11:00:00,4007,Period - 4,,,
568,11-11-2024,11-11-2024,11:40:00,4008,Lunch time Starts,3001,2011,107
569,11-11-2024,11-11-2024,12:10:00,4009,Period - 5,,,
570,11-11-2024,11-11-2024,12:50:00,4010,Period - 6,,,
571,11-11-2024,11-11-2024,13:30:00,4011,Period - 7,,,
572,11-11-2024,11-11-2024,14:10:00,4012,Medditation Time,,,
573,11-11-2024,11-11-2024,14:25:00,4013,Period - 8,,,
574,11-11-2024,11-11-2024,15:05:00,4014,Period - 9,,,
575,11-11-2024,11-11-2024,15:30:00,4015,Van Student,3001,2011,108
576,11-11-2024,11-11-2024,15:45:00,4016,School Closed Bye Bye,,,
577,12-11-2024,12-11-2024,8:25:00,4001,Short Bell,3001,2011,109
578,12-11-2024,12-11-2024,8:30:00,4002,Good morning  Assembly,,,
579,12-11-2024,12-11-2024,8:50:00,4003,Period - 1,,,
580,12-11-2024,12-11-2024,9:30:00,4004,Break Time,,,
581,12-11-2024,12-11-2024,9:40:00,4005,Period - 2,,,
582,12-11-2024,12-11-2024,10:20:00,4006,Period - 3,,,
583,12-11-2024,12-11-2024,11:00:00,4007,Period - 4,,,
584,12-11-2024,12-11-2024,11:40:00,4008,Lunch time Starts,3001,2011,110
585,12-11-2024,12-11-2024,12:10:00,4009,Period - 5,,,
586,12-11-2024,12-11-2024,12:50:00,4010,Period - 6,,,
587,12-11-2024,12-11-2024,13:30:00,4011,Period - 7,,,
588,12-11-2024,12-11-2024,14:10:00,4012,Medditation Time,,,
589,12-11-2024,12-11-2024,14:25:00,4013,Period - 8,,,
590,12-11-2024,12-11-2024,15:05:00,4014,Period - 9,,,
591,12-11-2024,12-11-2024,15:30:00,4015,Van Student,3001,2012,111
592,12-11-2024,12-11-2024,15:45:00,4016,School Closed Bye Bye,,,
593,13-11-2024,13-11-2024,8:25:00,4001,Short Bell,3001,2012,112
594,13-11-2024,13-11-2024,8:30:00,4002,Good morning  Assembly,,,
595,13-11-2024,13-11-2024,8:50:00,4003,Period - 1,,,
596,13-11-2024,13-11-2024,9:30:00,4004,Break Time,,,
597,13-11-2024,13-11-2024,9:40:00,4005,Period - 2,,,
598,13-11-2024,13-11-2024,10:20:00,4006,Period - 3,,,
599,13-11-2024,13-11-2024,11:00:00,4007,Period - 4,,,
600,13-11-2024,13-11-2024,11:40:00,4008,Lunch time Starts,3001,2012,113
601,13-11-2024,13-11-2024,12:10:00,4009,Period - 5,,,
602,13-11-2024,13-11-2024,12:50:00,4010,Period - 6,,,
603,13-11-2024,13-11-2024,13:30:00,4011,Period - 7,,,
604,13-11-2024,13-11-2024,14:10:00,4012,Medditation Time,,,
605,13-11-2024,13-11-2024,14:25:00,4013,Period - 8,,,
606,13-11-2024,13-11-2024,15:05:00,4014,Period - 9,,,
607,13-11-2024,13-11-2024,15:30:00,4015,Van Student,3001,2012,114
608,13-11-2024,13-11-2024,15:45:00,4016,School Closed Bye Bye,,,
609,14-11-2024,14-11-2024,8:25:00,4001,Short Bell,3001,2012,115
610,14-11-2024,14-11-2024,8:30:00,4002,Good morning  Assembly,,,
611,14-11-2024,14-11-2024,8:50:00,4003,Period - 1,,,
612,14-11-2024,14-11-2024,9:30:00,4004,Break Time,,,
613,14-11-2024,14-11-2024,9:40:00,4005,Period - 2,,,
614,14-11-2024,14-11-2024,10:20:00,4006,Period - 3,,,
615,14-11-2024,14-11-2024,11:00:00,4007,Period - 4,,,
616,14-11-2024,14-11-2024,11:40:00,4008,Lunch time Starts,3001,2012,116
617,14-11-2024,14-11-2024,12:10:00,4009,Period - 5,,,
618,14-11-2024,14-11-2024,12:50:00,4010,Period - 6,,,
619,14-11-2024,14-11-2024,13:30:00,4011,Period - 7,,,
620,14-11-2024,14-11-2024,14:10:00,4012,Medditation Time,,,
621,14-11-2024,14-11-2024,14:25:00,4013,Period - 8,,,
622,14-11-2024,14-11-2024,15:05:00,4014,Period - 9,,,
623,14-11-2024,14-11-2024,15:30:00,4015,Van Student,3001,2012,117
624,14-11-2024,14-11-2024,15:45:00,4016,School Closed Bye Bye,,,
625,15-11-2024,15-11-2024,8:25:00,4001,Short Bell,3001,2012,118
626,15-11-2024,15-11-2024,8:30:00,4002,Good morning  Assembly,,,
627,15-11-2024,15-11-2024,8:50:00,4003,Period - 1,,,
628,15-11-2024,15-11-2024,9:30:00,4004,Break Time,,,
629,15-11-2024,15-11-2024,9:40:00,4005,Period - 2,,,
630,15-11-2024,15-11-2024,10:20:00,4006,Period - 3,,,
631,15-11-2024,15-11-2024,11:00:00,4007,Period - 4,,,
632,15-11-2024,15-11-2024,11:40:00,4008,Lunch time Starts,3001,2012,119
633,15-11-2024,15-11-2024,12:10:00,4009,Period - 5,,,
634,15-11-2024,15-11-2024,12:50:00,4010,Period - 6,,,
635,15-11-2024,15-11-2024,13:30:00,4011,Period - 7,,,
636,15-11-2024,15-11-2024,14:10:00,4012,Medditation Time,,,
637,15-11-2024,15-11-2024,14:25:00,4013,Period - 8,,,
638,15-11-2024,15-11-2024,15:05:00,4014,Period - 9,,,
639,15-11-2024,15-11-2024,15:30:00,4015,Van Student,3001,2012,120
640,15-11-2024,15-11-2024,15:45:00,4016,School Closed Bye Bye,,,
641,16-11-2024,16-11-2024,8:25:00,4001,Short Bell,3001,2013,121
642,16-11-2024,16-11-2024,8:30:00,4002,Good morning  Assembly,,,
643,16-11-2024,16-11-2024,8:50:00,4003,Period - 1,,,
644,16-11-2024,16-11-2024,9:30:00,4004,Break Time,,,
645,16-11-2024,16-11-2024,9:40:00,4005,Period - 2,,,
646,16-11-2024,16-11-2024,10:20:00,4006,Period - 3,,,
647,16-11-2024,16-11-2024,11:00:00,4007,Period - 4,,,
648,16-11-2024,16-11-2024,11:40:00,4008,Lunch time Starts,3001,2013,122
649,16-11-2024,16-11-2024,12:10:00,4009,Period - 5,,,
650,16-11-2024,16-11-2024,12:50:00,4010,Period - 6,,,
651,16-11-2024,16-11-2024,13:30:00,4011,Period - 7,,,
652,16-11-2024,16-11-2024,14:10:00,4012,Medditation Time,,,
653,16-11-2024,16-11-2024,14:25:00,4013,Period - 8,,,
654,16-11-2024,16-11-2024,15:05:00,4014,Period - 9,,,
655,16-11-2024,16-11-2024,15:30:00,4015,Van Student,3001,2013,123
656,16-11-2024,16-11-2024,15:45:00,4016,School Closed Bye Bye,,,
657,18-11-2024,18-11-2024,8:25:00,4001,Short Bell,3001,2013,124
658,18-11-2024,18-11-2024,8:30:00,4002,Good morning  Assembly,,,
659,18-11-2024,18-11-2024,8:50:00,4003,Period - 1,,,
660,18-11-2024,18-11-2024,9:30:00,4004,Break Time,,,
661,18-11-2024,18-11-2024,9:40:00,4005,Period - 2,,,
662,18-11-2024,18-11-2024,10:20:00,4006,Period - 3,,,
663,18-11-2024,18-11-2024,11:00:00,4007,Period - 4,,,
664,18-11-2024,18-11-2024,11:40:00,4008,Lunch time Starts,3001,2013,125
665,18-11-2024,18-11-2024,12:10:00,4009,Period - 5,,,
666,18-11-2024,18-11-2024,12:50:00,4010,Period - 6,,,
667,18-11-2024,18-11-2024,13:30:00,4011,Period - 7,,,
668,18-11-2024,18-11-2024,14:10:00,4012,Medditation Time,,,
669,18-11-2024,18-11-2024,14:25:00,4013,Period - 8,,,
670,18-11-2024,18-11-2024,15:05:00,4014,Period - 9,,,
671,18-11-2024,18-11-2024,15:30:00,4015,Van Student,3001,2013,126
672,18-11-2024,18-11-2024,15:45:00,4016,School Closed Bye Bye,,,
673,19-11-2024,19-11-2024,8:25:00,4001,Short Bell,3001,2013,127
674,19-11-2024,19-11-2024,8:30:00,4002,Good morning  Assembly,,,
675,19-11-2024,19-11-2024,8:50:00,4003,Period - 1,,,
676,19-11-2024,19-11-2024,9:30:00,4004,Break Time,,,
677,19-11-2024,19-11-2024,9:40:00,4005,Period - 2,,,
678,19-11-2024,19-11-2024,10:20:00,4006,Period - 3,,,
679,19-11-2024,19-11-2024,11:00:00,4007,Period - 4,,,
680,19-11-2024,19-11-2024,11:40:00,4008,Lunch time Starts,3001,2013,128
681,19-11-2024,19-11-2024,12:10:00,4009,Period - 5,,,
682,19-11-2024,19-11-2024,12:50:00,4010,Period - 6,,,
683,19-11-2024,19-11-2024,13:30:00,4011,Period - 7,,,
684,19-11-2024,19-11-2024,14:10:00,4012,Medditation Time,,,
685,19-11-2024,19-11-2024,14:25:00,4013,Period - 8,,,
686,19-11-2024,19-11-2024,15:05:00,4014,Period - 9,,,
687,19-11-2024,19-11-2024,15:30:00,4015,Van Student,3001,2013,129
688,19-11-2024,19-11-2024,15:45:00,4016,School Closed Bye Bye,,,
689,20-11-2024,20-11-2024,8:25:00,4001,Short Bell,3001,2013,130
690,20-11-2024,20-11-2024,8:30:00,4002,Good morning  Assembly,,,
691,20-11-2024,20-11-2024,8:50:00,4003,Period - 1,,,
692,20-11-2024,20-11-2024,9:30:00,4004,Break Time,,,
693,20-11-2024,20-11-2024,9:40:00,4005,Period - 2,,,
694,20-11-2024,20-11-2024,10:20:00,4006,Period - 3,,,
695,20-11-2024,20-11-2024,11:00:00,4007,Period - 4,,,
696,20-11-2024,20-11-2024,11:40:00,4008,Lunch time Starts,3001,2014,131
697,20-11-2024,20-11-2024,12:10:00,4009,Period - 5,,,
698,20-11-2024,20-11-2024,12:50:00,4010,Period - 6,,,
699,20-11-2024,20-11-2024,13:30:00,4011,Period - 7,,,
700,20-11-2024,20-11-2024,14:10:00,4012,Medditation Time,,,
701,20-11-2024,20-11-2024,14:25:00,4013,Period - 8,,,
702,20-11-2024,20-11-2024,15:05:00,4014,Period - 9,,,
703,20-11-2024,20-11-2024,15:30:00,4015,Van Student,3001,2014,132
704,20-11-2024,20-11-2024,15:45:00,4016,School Closed Bye Bye,,,
705,21-11-2024,21-11-2024,8:25:00,4001,Short Bell,3001,2014,133
706,21-11-2024,21-11-2024,8:30:00,4002,Good morning  Assembly,,,
707,21-11-2024,21-11-2024,8:50:00,4003,Period - 1,,,
708,21-11-2024,21-11-2024,9:30:00,4004,Break Time,,,
709,21-11-2024,21-11-2024,9:40:00,4005,Period - 2,,,
710,21-11-2024,21-11-2024,10:20:00,4006,Period - 3,,,
711,21-11-2024,21-11-2024,11:00:00,4007,Period - 4,,,
712,21-11-2024,21-11-2024,11:40:00,4008,Lunch time Starts,3001,2014,134
713,21-11-2024,21-11-2024,12:10:00,4009,Period - 5,,,
714,21-11-2024,21-11-2024,12:50:00,4010,Period - 6,,,
715,21-11-2024,21-11-2024,13:30:00,4011,Period - 7,,,
716,21-11-2024,21-11-2024,14:10:00,4012,Medditation Time,,,
717,21-11-2024,21-11-2024,14:25:00,4013,Period - 8,,,
718,21-11-2024,21-11-2024,15:05:00,4014,Period - 9,,,
719,21-11-2024,21-11-2024,15:30:00,4015,Van Student,3001,2014,135
720,21-11-2024,21-11-2024,15:45:00,4016,School Closed Bye Bye,,,
721,22-11-2024,22-11-2024,8:25:00,4001,Short Bell,3001,2014,136
722,22-11-2024,22-11-2024,8:30:00,4002,Good morning  Assembly,,,
723,22-11-2024,22-11-2024,8:50:00,4003,Period - 1,,,
724,22-11-2024,22-11-2024,9:30:00,4004,Break Time,,,
725,22-11-2024,22-11-2024,9:40:00,4005,Period - 2,,,
726,22-11-2024,22-11-2024,10:20:00,4006,Period - 3,,,
727,22-11-2024,22-11-2024,11:00:00,4007,Period - 4,,,
728,22-11-2024,22-11-2024,11:40:00,4008,Lunch time Starts,3001,2014,137
729,22-11-2024,22-11-2024,12:10:00,4009,Period - 5,,,
730,22-11-2024,22-11-2024,12:50:00,4010,Period - 6,,,
731,22-11-2024,22-11-2024,13:30:00,4011,Period - 7,,,
732,22-11-2024,22-11-2024,14:10:00,4012,Medditation Time,,,
733,22-11-2024,22-11-2024,14:25:00,4013,Period - 8,,,
734,22-11-2024,22-11-2024,15:05:00,4014,Period - 9,,,
735,22-11-2024,22-11-2024,15:30:00,4015,Van Student,3001,2014,138
736,22-11-2024,22-11-2024,15:45:00,4016,School Closed Bye Bye,,,
737,23-11-2024,23-11-2024,8:25:00,4001,Short Bell,3001,2014,139
738,23-11-2024,23-11-2024,8:30:00,4002,Good morning  Assembly,,,
739,23-11-2024,23-11-2024,8:50:00,4003,Period - 1,,,
740,23-11-2024,23-11-2024,9:30:00,4004,Break Time,,,
741,23-11-2024,23-11-2024,9:40:00,4005,Period - 2,,,
742,23-11-2024,23-11-2024,10:20:00,4006,Period - 3,,,
743,23-11-2024,23-11-2024,11:00:00,4007,Period - 4,,,
744,23-11-2024,23-11-2024,11:40:00,4008,Lunch time Starts,3001,2014,140
745,23-11-2024,23-11-2024,12:10:00,4009,Period - 5,,,
746,23-11-2024,23-11-2024,12:50:00,4010,Period - 6,,,
747,23-11-2024,23-11-2024,13:30:00,4011,Period - 7,,,
748,23-11-2024,23-11-2024,14:10:00,4012,Medditation Time,,,
749,23-11-2024,23-11-2024,14:25:00,4013,Period - 8,,,
750,23-11-2024,23-11-2024,15:05:00,4014,Period - 9,,,
751,23-11-2024,23-11-2024,15:30:00,4015,Van Student,3001,2015,141
752,23-11-2024,23-11-2024,15:45:00,4016,School Closed Bye Bye,,,
753,25-11-2024,25-11-2024,8:25:00,4001,Short Bell,3001,2015,142
754,25-11-2024,25-11-2024,8:30:00,4002,Good morning  Assembly,,,
755,25-11-2024,25-11-2024,8:50:00,4003,Period - 1,,,
756,25-11-2024,25-11-2024,9:30:00,4004,Break Time,,,
757,25-11-2024,25-11-2024,9:40:00,4005,Period - 2,,,
758,25-11-2024,25-11-2024,10:20:00,4006,Period - 3,,,
759,25-11-2024,25-11-2024,11:00:00,4007,Period - 4,,,
760,25-11-2024,25-11-2024,11:40:00,4008,Lunch time Starts,3001,2015,143
761,25-11-2024,25-11-2024,12:10:00,4009,Period - 5,,,
762,25-11-2024,25-11-2024,12:50:00,4010,Period - 6,,,
763,25-11-2024,25-11-2024,13:30:00,4011,Period - 7,,,
764,25-11-2024,25-11-2024,14:10:00,4012,Medditation Time,,,
765,25-11-2024,25-11-2024,14:25:00,4013,Period - 8,,,
766,25-11-2024,25-11-2024,15:05:00,4014,Period - 9,,,
767,25-11-2024,25-11-2024,15:30:00,4015,Van Student,3001,2015,144
768,25-11-2024,25-11-2024,15:45:00,4016,School Closed Bye Bye,,,
769,26-11-2024,26-11-2024,8:25:00,4001,Short Bell,3001,2015,145
770,26-11-2024,26-11-2024,8:30:00,4002,Good morning  Assembly,,,
771,26-11-2024,26-11-2024,8:50:00,4003,Period - 1,,,
772,26-11-2024,26-11-2024,9:30:00,4004,Break Time,,,
773,26-11-2024,26-11-2024,9:40:00,4005,Period - 2,,,
774,26-11-2024,26-11-2024,10:20:00,4006,Period - 3,,,
775,26-11-2024,26-11-2024,11:00:00,4007,Period - 4,,,
776,26-11-2024,26-11-2024,11:40:00,4008,Lunch time Starts,3001,2015,146
777,26-11-2024,26-11-2024,12:10:00,4009,Period - 5,,,
778,26-11-2024,26-11-2024,12:50:00,4010,Period - 6,,,
779,26-11-2024,26-11-2024,13:30:00,4011,Period - 7,,,
780,26-11-2024,26-11-2024,14:10:00,4012,Medditation Time,,,
781,26-11-2024,26-11-2024,14:25:00,4013,Period - 8,,,
782,26-11-2024,26-11-2024,15:05:00,4014,Period - 9,,,
783,26-11-2024,26-11-2024,15:30:00,4015,Van Student,3001,2015,147
784,26-11-2024,26-11-2024,15:45:00,4016,School Closed Bye Bye,,,
785,27-11-2024,27-11-2024,8:25:00,4001,Short Bell,3001,2015,148
786,27-11-2024,27-11-2024,8:30:00,4002,Good morning  Assembly,,,
787,27-11-2024,27-11-2024,8:50:00,4003,Period - 1,,,
788,27-11-2024,27-11-2024,9:30:00,4004,Break Time,,,
789,27-11-2024,27-11-2024,9:40:00,4005,Period - 2,,,
790,27-11-2024,27-11-2024,10:20:00,4006,Period - 3,,,
791,27-11-2024,27-11-2024,11:00:00,4007,Period - 4,,,
792,27-11-2024,27-11-2024,11:40:00,4008,Lunch time Starts,3001,2015,149
793,27-11-2024,27-11-2024,12:10:00,4009,Period - 5,,,
794,27-11-2024,27-11-2024,12:50:00,4010,Period - 6,,,
795,27-11-2024,27-11-2024,13:30:00,4011,Period - 7,,,
796,27-11-2024,27-11-2024,14:10:00,4012,Medditation Time,,,
797,27-11-2024,27-11-2024,14:25:00,4013,Period - 8,,,
798,27-11-2024,27-11-2024,15:05:00,4014,Period - 9,,,
799,27-11-2024,27-11-2024,15:30:00,4015,Van Student,3001,2015,150
800,27-11-2024,27-11-2024,15:45:00,4016,School Closed Bye Bye,,,
801,28-11-2024,28-11-2024,8:25:00,4001,Short Bell,3001,2016,151
802,28-11-2024,28-11-2024,8:30:00,4002,Good morning  Assembly,,,
803,28-11-2024,28-11-2024,8:50:00,4003,Period - 1,,,
804,28-11-2024,28-11-2024,9:30:00,4004,Break Time,,,
805,28-11-2024,28-11-2024,9:40:00,4005,Period - 2,,,
806,28-11-2024,28-11-2024,10:20:00,4006,Period - 3,,,
807,28-11-2024,28-11-2024,11:00:00,4007,Period - 4,,,
808,28-11-2024,28-11-2024,11:40:00,4008,Lunch time Starts,3001,2016,152
809,28-11-2024,28-11-2024,12:10:00,4009,Period - 5,,,
810,28-11-2024,28-11-2024,12:50:00,4010,Period - 6,,,
811,28-11-2024,28-11-2024,13:30:00,4011,Period - 7,,,
812,28-11-2024,28-11-2024,14:10:00,4012,Medditation Time,,,
813,28-11-2024,28-11-2024,14:25:00,4013,Period - 8,,,
814,28-11-2024,28-11-2024,15:05:00,4014,Period - 9,,,
815,28-11-2024,28-11-2024,15:30:00,4015,Van Student,3001,2016,153
816,28-11-2024,28-11-2024,15:45:00,4016,School Closed Bye Bye,,,
817,29-11-2024,29-11-2024,8:25:00,4001,Short Bell,3001,2016,154
818,29-11-2024,29-11-2024,8:30:00,4002,Good morning  Assembly,,,
819,29-11-2024,29-11-2024,8:50:00,4003,Period - 1,,,
820,29-11-2024,29-11-2024,9:30:00,4004,Break Time,,,
821,29-11-2024,29-11-2024,9:40:00,4005,Period - 2,,,
822,29-11-2024,29-11-2024,10:20:00,4006,Period - 3,,,
823,29-11-2024,29-11-2024,11:00:00,4007,Period - 4,,,
824,29-11-2024,29-11-2024,11:40:00,4008,Lunch time Starts,3001,2016,155
825,29-11-2024,29-11-2024,12:10:00,4009,Period - 5,,,
826,29-11-2024,29-11-2024,12:50:00,4010,Period - 6,,,
827,29-11-2024,29-11-2024,13:30:00,4011,Period - 7,,,
828,29-11-2024,29-11-2024,14:10:00,4012,Medditation Time,,,
829,29-11-2024,29-11-2024,14:25:00,4013,Period - 8,,,
830,29-11-2024,29-11-2024,15:05:00,4014,Period - 9,,,
831,29-11-2024,29-11-2024,15:30:00,4015,Van Student,3001,2016,156
832,29-11-2024,29-11-2024,15:45:00,4016,School Closed Bye Bye,,,
833,30-11-2024,30-11-2024,8:25:00,4001,Short Bell,3001,2016,157
834,30-11-2024,30-11-2024,8:30:00,4002,Good morning  Assembly,,,
835,30-11-2024,30-11-2024,8:50:00,4003,Period - 1,,,
836,30-11-2024,30-11-2024,9:30:00,4004,Break Time,,,
837,30-11-2024,30-11-2024,9:40:00,4005,Period - 2,,,
838,30-11-2024,30-11-2024,10:20:00,4006,Period - 3,,,
839,30-11-2024,30-11-2024,11:00:00,4007,Period - 4,,,
840,30-11-2024,30-11-2024,11:40:00,4008,Lunch time Starts,3001,2016,158
841,30-11-2024,30-11-2024,12:10:00,4009,Period - 5,,,
842,30-11-2024,30-11-2024,12:50:00,4010,Period - 6,,,
843,30-11-2024,30-11-2024,13:30:00,4011,Period - 7,,,
844,30-11-2024,30-11-2024,14:10:00,4012,Medditation Time,,,
845,30-11-2024,30-11-2024,14:25:00,4013,Period - 8,,,
846,30-11-2024,30-11-2024,15:05:00,4014,Period - 9,,,
847,30-11-2024,30-11-2024,15:30:00,4015,Van Student,3001,2016,159
848,30-11-2024,30-11-2024,15:45:00,4016,School Closed Bye Bye,,,
849,02-12-2024,02-12-2024,8:25:00,4001,Short Bell,3001,2016,160
850,02-12-2024,02-12-2024,8:30:00,4002,Good morning  Assembly,,,
851,02-12-2024,02-12-2024,8:50:00,4003,Period - 1,,,
852,02-12-2024,02-12-2024,9:30:00,4004,Break Time,,,
853,02-12-2024,02-12-2024,9:40:00,4005,Period - 2,,,
854,02-12-2024,02-12-2024,10:20:00,4006,Period - 3,,,
855,02-12-2024,02-12-2024,11:00:00,4007,Period - 4,,,
856,02-12-2024,02-12-2024,11:40:00,4008,Lunch time Starts,3001,2017,161
857,02-12-2024,02-12-2024,12:10:00,4009,Period - 5,,,
858,02-12-2024,02-12-2024,12:50:00,4010,Period - 6,,,
859,02-12-2024,02-12-2024,13:30:00,4011,Period - 7,,,
860,02-12-2024,02-12-2024,14:10:00,4012,Medditation Time,,,
861,02-12-2024,02-12-2024,14:25:00,4013,Period - 8,,,
862,02-12-2024,02-12-2024,15:05:00,4014,Period - 9,,,
863,02-12-2024,02-12-2024,15:30:00,4015,Van Student,3001,2017,162
864,02-12-2024,02-12-2024,15:45:00,4016,School Closed Bye Bye,,,
865,03-12-2024,03-12-2024,8:25:00,4001,Short Bell,3001,2017,163
866,03-12-2024,03-12-2024,8:30:00,4002,Good morning  Assembly,,,
867,03-12-2024,03-12-2024,8:50:00,4003,Period - 1,,,
868,03-12-2024,03-12-2024,9:30:00,4004,Break Time,,,
869,03-12-2024,03-12-2024,9:40:00,4005,Period - 2,,,
870,03-12-2024,03-12-2024,10:20:00,4006,Period - 3,,,
871,03-12-2024,03-12-2024,11:00:00,4007,Period - 4,,,
872,03-12-2024,03-12-2024,11:40:00,4008,Lunch time Starts,3001,2017,164
873,03-12-2024,03-12-2024,12:10:00,4009,Period - 5,,,
874,03-12-2024,03-12-2024,12:50:00,4010,Period - 6,,,
875,03-12-2024,03-12-2024,13:30:00,4011,Period - 7,,,
876,03-12-2024,03-12-2024,14:10:00,4012,Medditation Time,,,
877,03-12-2024,03-12-2024,14:25:00,4013,Period - 8,,,
878,03-12-2024,03-12-2024,15:05:00,4014,Period - 9,,,
879,03-12-2024,03-12-2024,15:30:00,4015,Van Student,3001,2017,165
880,03-12-2024,03-12-2024,15:45:00,4016,School Closed Bye Bye,,,
881,04-12-2024,04-12-2024,8:25:00,4001,Short Bell,3001,2017,166
882,04-12-2024,04-12-2024,8:30:00,4002,Good morning  Assembly,,,
883,04-12-2024,04-12-2024,8:50:00,4003,Period - 1,,,
884,04-12-2024,04-12-2024,9:30:00,4004,Break Time,,,
885,04-12-2024,04-12-2024,9:40:00,4005,Period - 2,,,
886,04-12-2024,04-12-2024,10:20:00,4006,Period - 3,,,
887,04-12-2024,04-12-2024,11:00:00,4007,Period - 4,,,
888,04-12-2024,04-12-2024,11:40:00,4008,Lunch time Starts,3001,2017,167
889,04-12-2024,04-12-2024,12:10:00,4009,Period - 5,,,
890,04-12-2024,04-12-2024,12:50:00,4010,Period - 6,,,
891,04-12-2024,04-12-2024,13:30:00,4011,Period - 7,,,
892,04-12-2024,04-12-2024,14:10:00,4012,Medditation Time,,,
893,04-12-2024,04-12-2024,14:25:00,4013,Period - 8,,,
894,04-12-2024,04-12-2024,15:05:00,4014,Period - 9,,,
895,04-12-2024,04-12-2024,15:30:00,4015,Van Student,3001,2017,168
896,04-12-2024,04-12-2024,15:45:00,4016,School Closed Bye Bye,,,
897,05-12-2024,05-12-2024,8:25:00,4001,Short Bell,3001,2017,169
898,05-12-2024,05-12-2024,8:30:00,4002,Good morning  Assembly,,,
899,05-12-2024,05-12-2024,8:50:00,4003,Period - 1,,,
900,05-12-2024,05-12-2024,9:30:00,4004,Break Time,,,
901,05-12-2024,05-12-2024,9:40:00,4005,Period - 2,,,
902,05-12-2024,05-12-2024,10:20:00,4006,Period - 3,,,
903,05-12-2024,05-12-2024,11:00:00,4007,Period - 4,,,
904,05-12-2024,05-12-2024,11:40:00,4008,Lunch time Starts,3001,2017,170
905,05-12-2024,05-12-2024,12:10:00,4009,Period - 5,,,
906,05-12-2024,05-12-2024,12:50:00,4010,Period - 6,,,
907,05-12-2024,05-12-2024,13:30:00,4011,Period - 7,,,
908,05-12-2024,05-12-2024,14:10:00,4012,Medditation Time,,,
909,05-12-2024,05-12-2024,14:25:00,4013,Period - 8,,,
910,05-12-2024,05-12-2024,15:05:00,4014,Period - 9,,,
911,05-12-2024,05-12-2024,15:30:00,4015,Van Student,3001,2018,171
912,05-12-2024,05-12-2024,15:45:00,4016,School Closed Bye Bye,,,
913,06-12-2024,06-12-2024,8:25:00,4001,Short Bell,3001,2018,172
914,06-12-2024,06-12-2024,8:30:00,4002,Good morning  Assembly,,,
915,06-12-2024,06-12-2024,8:50:00,4003,Period - 1,,,
916,06-12-2024,06-12-2024,9:30:00,4004,Break Time,,,
917,06-12-2024,06-12-2024,9:40:00,4005,Period - 2,,,
918,06-12-2024,06-12-2024,10:20:00,4006,Period - 3,,,
919,06-12-2024,06-12-2024,11:00:00,4007,Period - 4,,,
920,06-12-2024,06-12-2024,11:40:00,4008,Lunch time Starts,3001,2018,173
921,06-12-2024,06-12-2024,12:10:00,4009,Period - 5,,,
922,06-12-2024,06-12-2024,12:50:00,4010,Period - 6,,,
923,06-12-2024,06-12-2024,13:30:00,4011,Period - 7,,,
924,06-12-2024,06-12-2024,14:10:00,4012,Medditation Time,,,
925,06-12-2024,06-12-2024,14:25:00,4013,Period - 8,,,
926,06-12-2024,06-12-2024,15:05:00,4014,Period - 9,,,
927,06-12-2024,06-12-2024,15:30:00,4015,Van Student,3001,2018,174
928,06-12-2024,06-12-2024,15:45:00,4016,School Closed Bye Bye,,,
929,07-12-2024,07-12-2024,8:25:00,4001,Short Bell,3001,2018,175
930,07-12-2024,07-12-2024,8:30:00,4002,Good morning  Assembly,,,
931,07-12-2024,07-12-2024,8:50:00,4003,Period - 1,,,
932,07-12-2024,07-12-2024,9:30:00,4004,Break Time,,,
933,07-12-2024,07-12-2024,9:40:00,4005,Period - 2,,,
934,07-12-2024,07-12-2024,10:20:00,4006,Period - 3,,,
935,07-12-2024,07-12-2024,11:00:00,4007,Period - 4,,,
936,07-12-2024,07-12-2024,11:40:00,4008,Lunch time Starts,3001,2018,176
937,07-12-2024,07-12-2024,12:10:00,4009,Period - 5,,,
938,07-12-2024,07-12-2024,12:50:00,4010,Period - 6,,,
939,07-12-2024,07-12-2024,13:30:00,4011,Period - 7,,,
940,07-12-2024,07-12-2024,14:10:00,4012,Medditation Time,,,
941,07-12-2024,07-12-2024,14:25:00,4013,Period - 8,,,
942,07-12-2024,07-12-2024,15:05:00,4014,Period - 9,,,
943,07-12-2024,07-12-2024,15:30:00,4015,Van Student,3001,2018,177
944,07-12-2024,07-12-2024,15:45:00,4016,School Closed Bye Bye,,,
945,09-12-2024,09-12-2024,8:25:00,4001,Short Bell,3001,2018,178
946,09-12-2024,09-12-2024,8:30:00,4002,Good morning  Assembly,,,
947,09-12-2024,09-12-2024,8:50:00,4003,Period - 1,,,
948,09-12-2024,09-12-2024,9:30:00,4004,Break Time,,,
949,09-12-2024,09-12-2024,9:40:00,4005,Period - 2,,,
950,09-12-2024,09-12-2024,10:20:00,4006,Period - 3,,,
951,09-12-2024,09-12-2024,11:00:00,4007,Period - 4,,,
952,09-12-2024,09-12-2024,11:40:00,4008,Lunch time Starts,3001,2018,179
953,09-12-2024,09-12-2024,12:10:00,4009,Period - 5,,,
954,09-12-2024,09-12-2024,12:50:00,4010,Period - 6,,,
955,09-12-2024,09-12-2024,13:30:00,4011,Period - 7,,,
956,09-12-2024,09-12-2024,14:10:00,4012,Medditation Time,,,
957,09-12-2024,09-12-2024,14:25:00,4013,Period - 8,,,
958,09-12-2024,09-12-2024,15:05:00,4014,Period - 9,,,
959,09-12-2024,09-12-2024,15:30:00,4015,Van Student,3001,2018,180
960,09-12-2024,09-12-2024,15:45:00,4016,School Closed Bye Bye,,,
961,10-12-2024,10-12-2024,8:25:00,4001,Short Bell,3001,2019,181
962,10-12-2024,10-12-2024,8:30:00,4002,Good morning  Assembly,,,
963,10-12-2024,10-12-2024,8:50:00,4003,Period - 1,,,
964,10-12-2024,10-12-2024,9:30:00,4004,Break Time,,,
965,10-12-2024,10-12-2024,9:40:00,4005,Period - 2,,,
966,10-12-2024,10-12-2024,10:20:00,4006,Period - 3,,,
967,10-12-2024,10-12-2024,11:00:00,4007,Period - 4,,,
968,10-12-2024,10-12-2024,11:40:00,4008,Lunch time Starts,3001,2019,182
969,10-12-2024,10-12-2024,12:10:00,4009,Period - 5,,,
970,10-12-2024,10-12-2024,12:50:00,4010,Period - 6,,,
971,10-12-2024,10-12-2024,13:30:00,4011,Period - 7,,,
972,10-12-2024,10-12-2024,14:10:00,4012,Medditation Time,,,
973,10-12-2024,10-12-2024,14:25:00,4013,Period - 8,,,
974,10-12-2024,10-12-2024,15:05:00,4014,Period - 9,,,
975,10-12-2024,10-12-2024,15:30:00,4015,Van Student,3001,2019,183
976,10-12-2024,10-12-2024,15:45:00,4016,School Closed Bye Bye,,,
977,11-12-2024,11-12-2024,8:25:00,4001,Short Bell,3001,2019,184
978,11-12-2024,11-12-2024,8:30:00,4002,Good morning  Assembly,,,
979,11-12-2024,11-12-2024,8:50:00,4003,Period - 1,,,
980,11-12-2024,11-12-2024,9:30:00,4004,Break Time,,,
981,11-12-2024,11-12-2024,9:40:00,4005,Period - 2,,,
982,11-12-2024,11-12-2024,10:20:00,4006,Period - 3,,,
983,11-12-2024,11-12-2024,11:00:00,4007,Period - 4,,,
984,11-12-2024,11-12-2024,11:40:00,4008,Lunch time Starts,3001,2019,185
985,11-12-2024,11-12-2024,12:10:00,4009,Period - 5,,,
986,11-12-2024,11-12-2024,12:50:00,4010,Period - 6,,,
987,11-12-2024,11-12-2024,13:30:00,4011,Period - 7,,,
988,11-12-2024,11-12-2024,14:10:00,4012,Medditation Time,,,
989,11-12-2024,11-12-2024,14:25:00,4013,Period - 8,,,
990,11-12-2024,11-12-2024,15:05:00,4014,Period - 9,,,
991,11-12-2024,11-12-2024,15:30:00,4015,Van Student,3001,2019,186
992,11-12-2024,11-12-2024,15:45:00,4016,School Closed Bye Bye,,,
993,12-12-2024,12-12-2024,8:25:00,4001,Short Bell,3001,2019,187
994,12-12-2024,12-12-2024,8:30:00,4002,Good morning  Assembly,,,
995,12-12-2024,12-12-2024,8:50:00,4003,Period - 1,,,
996,12-12-2024,12-12-2024,9:30:00,4004,Break Time,,,
997,12-12-2024,12-12-2024,9:40:00,4005,Period - 2,,,
998,12-12-2024,12-12-2024,10:20:00,4006,Period - 3,,,
999,12-12-2024,12-12-2024,11:00:00,4007,Period - 4,,,
1000,12-12-2024,12-12-2024,11:40:00,4008,Lunch time Starts,3001,2019,188
1001,12-12-2024,12-12-2024,12:10:00,4009,Period - 5,,,
1002,12-12-2024,12-12-2024,12:50:00,4010,Period - 6,,,
1003,12-12-2024,12-12-2024,13:30:00,4011,Period - 7,,,
1004,12-12-2024,12-12-2024,14:10:00,4012,Medditation Time,,,
1005,12-12-2024,12-12-2024,14:25:00,4013,Period - 8,,,
1006,12-12-2024,12-12-2024,15:05:00,4014,Period - 9,,,
1007,12-12-2024,12-12-2024,15:30:00,4015,Van Student,3001,2019,189
1008,12-12-2024,12-12-2024,15:45:00,4016,School Closed Bye Bye,,,
1009,13-12-2024,13-12-2024,8:25:00,4001,Short Bell,3001,2019,190
1010,13-12-2024,13-12-2024,8:30:00,4002,Good morning  Assembly,,,
1011,13-12-2024,13-12-2024,8:50:00,4003,Period - 1,,,
1012,13-12-2024,13-12-2024,9:30:00,4004,Break Time,,,
1013,13-12-2024,13-12-2024,9:40:00,4005,Period - 2,,,
1014,13-12-2024,13-12-2024,10:20:00,4006,Period - 3,,,
1015,13-12-2024,13-12-2024,11:00:00,4007,Period - 4,,,
1016,13-12-2024,13-12-2024,11:40:00,4008,Lunch time Starts,3001,2020,191
1017,13-12-2024,13-12-2024,12:10:00,4009,Period - 5,,,
1018,13-12-2024,13-12-2024,12:50:00,4010,Period - 6,,,
1019,13-12-2024,13-12-2024,13:30:00,4011,Period - 7,,,
1020,13-12-2024,13-12-2024,14:10:00,4012,Medditation Time,,,
1021,13-12-2024,13-12-2024,14:25:00,4013,Period - 8,,,
1022,13-12-2024,13-12-2024,15:05:00,4014,Period - 9,,,
1023,13-12-2024,13-12-2024,15:30:00,4015,Van Student,3001,2020,192
1024,13-12-2024,13-12-2024,15:45:00,4016,School Closed Bye Bye,,,
1025,14-12-2024,14-12-2024,8:25:00,4001,Short Bell,3001,2020,193
1026,14-12-2024,14-12-2024,8:30:00,4002,Good morning  Assembly,,,
1027,14-12-2024,14-12-2024,8:50:00,4003,Period - 1,,,
1028,14-12-2024,14-12-2024,9:30:00,4004,Break Time,,,
1029,14-12-2024,14-12-2024,9:40:00,4005,Period - 2,,,
1030,14-12-2024,14-12-2024,10:20:00,4006,Period - 3,,,
1031,14-12-2024,14-12-2024,11:00:00,4007,Period - 4,,,
1032,14-12-2024,14-12-2024,11:40:00,4008,Lunch time Starts,3001,2020,194
1033,14-12-2024,14-12-2024,12:10:00,4009,Period - 5,,,
1034,14-12-2024,14-12-2024,12:50:00,4010,Period - 6,,,
1035,14-12-2024,14-12-2024,13:30:00,4011,Period - 7,,,
1036,14-12-2024,14-12-2024,14:10:00,4012,Medditation Time,,,
1037,14-12-2024,14-12-2024,14:25:00,4013,Period - 8,,,
1038,14-12-2024,14-12-2024,15:05:00,4014,Period - 9,,,
1039,14-12-2024,14-12-2024,15:30:00,4015,Van Student,3001,2020,195
1040,14-12-2024,14-12-2024,15:45:00,4016,School Closed Bye Bye,,,
1041,16-12-2024,16-12-2024,8:25:00,4001,Short Bell,3001,2020,196
1042,16-12-2024,16-12-2024,8:30:00,4002,Good morning  Assembly,,,
1043,16-12-2024,16-12-2024,8:50:00,4003,Period - 1,,,
1044,16-12-2024,16-12-2024,9:30:00,4004,Break Time,,,
1045,16-12-2024,16-12-2024,9:40:00,4005,Period - 2,,,
1046,16-12-2024,16-12-2024,10:20:00,4006,Period - 3,,,
1047,16-12-2024,16-12-2024,11:00:00,4007,Period - 4,,,
1048,16-12-2024,16-12-2024,11:40:00,4008,Lunch time Starts,3001,2020,197
1049,16-12-2024,16-12-2024,12:10:00,4009,Period - 5,,,
1050,16-12-2024,16-12-2024,12:50:00,4010,Period - 6,,,
1051,16-12-2024,16-12-2024,13:30:00,4011,Period - 7,,,
1052,16-12-2024,16-12-2024,14:10:00,4012,Medditation Time,,,
1053,16-12-2024,16-12-2024,14:25:00,4013,Period - 8,,,
1054,16-12-2024,16-12-2024,15:05:00,4014,Period - 9,,,
1055,16-12-2024,16-12-2024,15:30:00,4015,Van Student,3001,2020,198
1056,16-12-2024,16-12-2024,15:45:00,4016,School Closed Bye Bye,,,
1057,17-12-2024,17-12-2024,8:25:00,4001,Short Bell,3001,2020,199
1058,17-12-2024,17-12-2024,8:30:00,4002,Good morning  Assembly,,,
1059,17-12-2024,17-12-2024,8:50:00,4003,Period - 1,,,
1060,17-12-2024,17-12-2024,9:30:00,4004,Break Time,,,
1061,17-12-2024,17-12-2024,9:40:00,4005,Period - 2,,,
1062,17-12-2024,17-12-2024,10:20:00,4006,Period - 3,,,
1063,17-12-2024,17-12-2024,11:00:00,4007,Period - 4,,,
1064,17-12-2024,17-12-2024,11:40:00,4008,Lunch time Starts,3001,2020,200
1065,17-12-2024,17-12-2024,12:10:00,4009,Period - 5,,,
1066,17-12-2024,17-12-2024,12:50:00,4010,Period - 6,,,
1067,17-12-2024,17-12-2024,13:30:00,4011,Period - 7,,,
1068,17-12-2024,17-12-2024,14:10:00,4012,Medditation Time,,,
1069,17-12-2024,17-12-2024,14:25:00,4013,Period - 8,,,
1070,17-12-2024,17-12-2024,15:05:00,4014,Period - 9,,,
1071,17-12-2024,17-12-2024,15:30:00,4015,Van Student,3001,2021,201
1072,17-12-2024,17-12-2024,15:45:00,4016,School Closed Bye Bye,,,
1073,18-12-2024,18-12-2024,8:25:00,4001,Short Bell,3001,2021,202
1074,18-12-2024,18-12-2024,8:30:00,4002,Good morning  Assembly,,,
1075,18-12-2024,18-12-2024,8:50:00,4003,Period - 1,,,
1076,18-12-2024,18-12-2024,9:30:00,4004,Break Time,,,
1077,18-12-2024,18-12-2024,9:40:00,4005,Period - 2,,,
1078,18-12-2024,18-12-2024,10:20:00,4006,Period - 3,,,
1079,18-12-2024,18-12-2024,11:00:00,4007,Period - 4,,,
1080,18-12-2024,18-12-2024,11:40:00,4008,Lunch time Starts,3001,2021,203
1081,18-12-2024,18-12-2024,12:10:00,4009,Period - 5,,,
1082,18-12-2024,18-12-2024,12:50:00,4010,Period - 6,,,
1083,18-12-2024,18-12-2024,13:30:00,4011,Period - 7,,,
1084,18-12-2024,18-12-2024,14:10:00,4012,Medditation Time,,,
1085,18-12-2024,18-12-2024,14:25:00,4013,Period - 8,,,
1086,18-12-2024,18-12-2024,15:05:00,4014,Period - 9,,,
1087,18-12-2024,18-12-2024,15:30:00,4015,Van Student,3001,2021,204
1088,18-12-2024,18-12-2024,15:45:00,4016,School Closed Bye Bye,,,
1089,19-12-2024,19-12-2024,8:25:00,4001,Short Bell,3001,2021,205
1090,19-12-2024,19-12-2024,8:30:00,4002,Good morning  Assembly,,,
1091,19-12-2024,19-12-2024,8:50:00,4003,Period - 1,,,
1092,19-12-2024,19-12-2024,9:30:00,4004,Break Time,,,
1093,19-12-2024,19-12-2024,9:40:00,4005,Period - 2,,,
1094,19-12-2024,19-12-2024,10:20:00,4006,Period - 3,,,
1095,19-12-2024,19-12-2024,11:00:00,4007,Period - 4,,,
1096,19-12-2024,19-12-2024,11:40:00,4008,Lunch time Starts,3001,2021,206
1097,19-12-2024,19-12-2024,12:10:00,4009,Period - 5,,,
1098,19-12-2024,19-12-2024,12:50:00,4010,Period - 6,,,
1099,19-12-2024,19-12-2024,13:30:00,4011,Period - 7,,,
1100,19-12-2024,19-12-2024,14:10:00,4012,Medditation Time,,,
1101,19-12-2024,19-12-2024,14:25:00,4013,Period - 8,,,
1102,19-12-2024,19-12-2024,15:05:00,4014,Period - 9,,,
1103,19-12-2024,19-12-2024,15:30:00,4015,Van Student,3001,2021,207
1104,19-12-2024,19-12-2024,15:45:00,4016,School Closed Bye Bye,,,
1105,20-12-2024,20-12-2024,8:25:00,4001,Short Bell,3001,2021,208
1106,20-12-2024,20-12-2024,8:30:00,4002,Good morning  Assembly,,,
1107,20-12-2024,20-12-2024,8:50:00,4003,Period - 1,,,
1108,20-12-2024,20-12-2024,9:30:00,4004,Break Time,,,
1109,20-12-2024,20-12-2024,9:40:00,4005,Period - 2,,,
1110,20-12-2024,20-12-2024,10:20:00,4006,Period - 3,,,
1111,20-12-2024,20-12-2024,11:00:00,4007,Period - 4,,,
1112,20-12-2024,20-12-2024,11:40:00,4008,Lunch time Starts,3001,2021,209
1113,20-12-2024,20-12-2024,12:10:00,4009,Period - 5,,,
1114,20-12-2024,20-12-2024,12:50:00,4010,Period - 6,,,
1115,20-12-2024,20-12-2024,13:30:00,4011,Period - 7,,,
1116,20-12-2024,20-12-2024,14:10:00,4012,Medditation Time,,,
1117,20-12-2024,20-12-2024,14:25:00,4013,Period - 8,,,
1118,20-12-2024,20-12-2024,15:05:00,4014,Period - 9,,,
1119,20-12-2024,20-12-2024,15:30:00,4015,Van Student,3001,2021,210
1120,20-12-2024,20-12-2024,15:45:00,4016,School Closed Bye Bye,,,
1121,21-12-2024,21-12-2024,8:25:00,4001,Short Bell,3001,2022,211
1122,21-12-2024,21-12-2024,8:30:00,4002,Good morning  Assembly,,,
1123,21-12-2024,21-12-2024,8:50:00,4003,Period - 1,,,
1124,21-12-2024,21-12-2024,9:30:00,4004,Break Time,,,
1125,21-12-2024,21-12-2024,9:40:00,4005,Period - 2,,,
1126,21-12-2024,21-12-2024,10:20:00,4006,Period - 3,,,
1127,21-12-2024,21-12-2024,11:00:00,4007,Period - 4,,,
1128,21-12-2024,21-12-2024,11:40:00,4008,Lunch time Starts,3001,2022,212
1129,21-12-2024,21-12-2024,12:10:00,4009,Period - 5,,,
1130,21-12-2024,21-12-2024,12:50:00,4010,Period - 6,,,
1131,21-12-2024,21-12-2024,13:30:00,4011,Period - 7,,,
1132,21-12-2024,21-12-2024,14:10:00,4012,Medditation Time,,,
1133,21-12-2024,21-12-2024,14:25:00,4013,Period - 8,,,
1134,21-12-2024,21-12-2024,15:05:00,4014,Period - 9,,,
1135,21-12-2024,21-12-2024,15:30:00,4015,Van Student,3001,2022,213
1136,21-12-2024,21-12-2024,15:45:00,4016,School Closed Bye Bye,,,
1137,23-12-2024,23-12-2024,8:25:00,4001,Short Bell,3001,2022,214
1138,23-12-2024,23-12-2024,8:30:00,4002,Good morning  Assembly,,,
1139,23-12-2024,23-12-2024,8:50:00,4003,Period - 1,,,
1140,23-12-2024,23-12-2024,9:30:00,4004,Break Time,,,
1141,23-12-2024,23-12-2024,9:40:00,4005,Period - 2,,,
1142,23-12-2024,23-12-2024,10:20:00,4006,Period - 3,,,
1143,23-12-2024,23-12-2024,11:00:00,4007,Period - 4,,,
1144,23-12-2024,23-12-2024,11:40:00,4008,Lunch time Starts,3001,2022,215
1145,23-12-2024,23-12-2024,12:10:00,4009,Period - 5,,,
1146,23-12-2024,23-12-2024,12:50:00,4010,Period - 6,,,
1147,23-12-2024,23-12-2024,13:30:00,4011,Period - 7,,,
1148,23-12-2024,23-12-2024,14:10:00,4012,Medditation Time,,,
1149,23-12-2024,23-12-2024,14:25:00,4013,Period - 8,,,
1150,23-12-2024,23-12-2024,15:05:00,4014,Period - 9,,,
1151,23-12-2024,23-12-2024,15:30:00,4015,Van Student,3001,2022,216
1152,23-12-2024,23-12-2024,15:45:00,4016,School Closed Bye Bye,,,
1153,24-12-2024,24-12-2024,8:25:00,4001,Short Bell,3001,2022,217
1154,24-12-2024,24-12-2024,8:30:00,4002,Good morning  Assembly,,,
1155,24-12-2024,24-12-2024,8:50:00,4003,Period - 1,,,
1156,24-12-2024,24-12-2024,9:30:00,4004,Break Time,,,
1157,24-12-2024,24-12-2024,9:40:00,4005,Period - 2,,,
1158,24-12-2024,24-12-2024,10:20:00,4006,Period - 3,,,
1159,24-12-2024,24-12-2024,11:00:00,4007,Period - 4,,,
1160,24-12-2024,24-12-2024,11:40:00,4008,Lunch time Starts,3001,2022,218
1161,24-12-2024,24-12-2024,12:10:00,4009,Period - 5,,,
1162,24-12-2024,24-12-2024,12:50:00,4010,Period - 6,,,
1163,24-12-2024,24-12-2024,13:30:00,4011,Period - 7,,,
1164,24-12-2024,24-12-2024,14:10:00,4012,Medditation Time,,,
1165,24-12-2024,24-12-2024,14:25:00,4013,Period - 8,,,
1166,24-12-2024,24-12-2024,15:05:00,4014,Period - 9,,,
1167,24-12-2024,24-12-2024,15:30:00,4015,Van Student,3001,2022,219
1168,24-12-2024,24-12-2024,15:45:00,4016,School Closed Bye Bye,,,
1169,25-12-2024,25-12-2024,8:25:00,4001,Short Bell,3001,2022,220
1170,25-12-2024,25-12-2024,8:30:00,4002,Good morning  Assembly,,,
1171,25-12-2024,25-12-2024,8:50:00,4003,Period - 1,,,
1172,25-12-2024,25-12-2024,9:30:00,4004,Break Time,,,
1173,25-12-2024,25-12-2024,9:40:00,4005,Period - 2,,,
1174,25-12-2024,25-12-2024,10:20:00,4006,Period - 3,,,
1175,25-12-2024,25-12-2024,11:00:00,4007,Period - 4,,,
1176,25-12-2024,25-12-2024,11:40:00,4008,Lunch time Starts,3001,2023,221
1177,25-12-2024,25-12-2024,12:10:00,4009,Period - 5,,,
1178,25-12-2024,25-12-2024,12:50:00,4010,Period - 6,,,
1179,25-12-2024,25-12-2024,13:30:00,4011,Period - 7,,,
1180,25-12-2024,25-12-2024,14:10:00,4012,Medditation Time,,,
1181,25-12-2024,25-12-2024,14:25:00,4013,Period - 8,,,
1182,25-12-2024,25-12-2024,15:05:00,4014,Period - 9,,,
1183,25-12-2024,25-12-2024,15:30:00,4015,Van Student,3001,2023,222
1184,25-12-2024,25-12-2024,15:45:00,4016,School Closed Bye Bye,,,
1185,26-12-2024,26-12-2024,8:25:00,4001,Short Bell,3001,2023,223
1186,26-12-2024,26-12-2024,8:30:00,4002,Good morning  Assembly,,,
1187,26-12-2024,26-12-2024,8:50:00,4003,Period - 1,,,
1188,26-12-2024,26-12-2024,9:30:00,4004,Break Time,,,
1189,26-12-2024,26-12-2024,9:40:00,4005,Period - 2,,,
1190,26-12-2024,26-12-2024,10:20:00,4006,Period - 3,,,
1191,26-12-2024,26-12-2024,11:00:00,4007,Period - 4,,,
1192,26-12-2024,26-12-2024,11:40:00,4008,Lunch time Starts,3001,2023,224
1193,26-12-2024,26-12-2024,12:10:00,4009,Period - 5,,,
1194,26-12-2024,26-12-2024,12:50:00,4010,Period - 6,,,
1195,26-12-2024,26-12-2024,13:30:00,4011,Period - 7,,,
1196,26-12-2024,26-12-2024,14:10:00,4012,Medditation Time,,,
1197,26-12-2024,26-12-2024,14:25:00,4013,Period - 8,,,
1198,26-12-2024,26-12-2024,15:05:00,4014,Period - 9,,,
1199,26-12-2024,26-12-2024,15:30:00,4015,Van Student,3001,2023,225
1200,26-12-2024,26-12-2024,15:45:00,4016,School Closed Bye Bye,,,
1201,27-12-2024,27-12-2024,8:25:00,4001,Short Bell,3001,2023,226
1202,27-12-2024,27-12-2024,8:30:00,4002,Good morning  Assembly,,,
1203,27-12-2024,27-12-2024,8:50:00,4003,Period - 1,,,
1204,27-12-2024,27-12-2024,9:30:00,4004,Break Time,,,
1205,27-12-2024,27-12-2024,9:40:00,4005,Period - 2,,,
1206,27-12-2024,27-12-2024,10:20:00,4006,Period - 3,,,
1207,27-12-2024,27-12-2024,11:00:00,4007,Period - 4,,,
1208,27-12-2024,27-12-2024,11:40:00,4008,Lunch time Starts,3001,2023,227
1209,27-12-2024,27-12-2024,12:10:00,4009,Period - 5,,,
1210,27-12-2024,27-12-2024,12:50:00,4010,Period - 6,,,
1211,27-12-2024,27-12-2024,13:30:00,4011,Period - 7,,,
1212,27-12-2024,27-12-2024,14:10:00,4012,Medditation Time,,,
1213,27-12-2024,27-12-2024,14:25:00,4013,Period - 8,,,
1214,27-12-2024,27-12-2024,15:05:00,4014,Period - 9,,,
1215,27-12-2024,27-12-2024,15:30:00,4015,Van Student,3001,2023,228
1216,27-12-2024,27-12-2024,15:45:00,4016,School Closed Bye Bye,,,
1217,28-12-2024,28-12-2024,8:25:00,4001,Short Bell,3001,2023,229
1218,28-12-2024,28-12-2024,8:30:00,4002,Good morning  Assembly,,,
1219,28-12-2024,28-12-2024,8:50:00,4003,Period - 1,,,
1220,28-12-2024,28-12-2024,9:30:00,4004,Break Time,,,
1221,28-12-2024,28-12-2024,9:40:00,4005,Period - 2,,,
1222,28-12-2024,28-12-2024,10:20:00,4006,Period - 3,,,
1223,28-12-2024,28-12-2024,11:00:00,4007,Period - 4,,,
1224,28-12-2024,28-12-2024,11:40:00,4008,Lunch time Starts,3001,2023,230
1225,28-12-2024,28-12-2024,12:10:00,4009,Period - 5,,,
1226,28-12-2024,28-12-2024,12:50:00,4010,Period - 6,,,
1227,28-12-2024,28-12-2024,13:30:00,4011,Period - 7,,,
1228,28-12-2024,28-12-2024,14:10:00,4012,Medditation Time,,,
1229,28-12-2024,28-12-2024,14:25:00,4013,Period - 8,,,
1230,28-12-2024,28-12-2024,15:05:00,4014,Period - 9,,,
1231,28-12-2024,28-12-2024,15:30:00,4015,Van Student,3001,2024,231
1232,28-12-2024,28-12-2024,15:45:00,4016,School Closed Bye Bye,,,
1233,30-12-2024,30-12-2024,8:25:00,4001,Short Bell,3001,2024,232
1234,30-12-2024,30-12-2024,8:30:00,4002,Good morning  Assembly,,,
1235,30-12-2024,30-12-2024,8:50:00,4003,Period - 1,,,
1236,30-12-2024,30-12-2024,9:30:00,4004,Break Time,,,
1237,30-12-2024,30-12-2024,9:40:00,4005,Period - 2,,,
1238,30-12-2024,30-12-2024,10:20:00,4006,Period - 3,,,
1239,30-12-2024,30-12-2024,11:00:00,4007,Period - 4,,,
1240,30-12-2024,30-12-2024,11:40:00,4008,Lunch time Starts,3001,2024,233
1241,30-12-2024,30-12-2024,12:10:00,4009,Period - 5,,,
1242,30-12-2024,30-12-2024,12:50:00,4010,Period - 6,,,
1243,30-12-2024,30-12-2024,13:30:00,4011,Period - 7,,,
1244,30-12-2024,30-12-2024,14:10:00,4012,Medditation Time,,,
1245,30-12-2024,30-12-2024,14:25:00,4013,Period - 8,,,
1246,30-12-2024,30-12-2024,15:05:00,4014,Period - 9,,,
1247,30-12-2024,30-12-2024,15:30:00,4015,Van Student,3001,2024,234
1248,30-12-2024,30-12-2024,15:45:00,4016,School Closed Bye Bye,,,
1249,31-12-2024,31-12-2024,8:25:00,4001,Short Bell,3001,2024,235
1250,31-12-2024,31-12-2024,8:30:00,4002,Good morning  Assembly,,,
1251,31-12-2024,31-12-2024,8:50:00,4003,Period - 1,,,
1252,31-12-2024,31-12-2024,9:30:00,4004,Break Time,,,
1253,31-12-2024,31-12-2024,9:40:00,4005,Period - 2,,,
1254,31-12-2024,31-12-2024,10:20:00,4006,Period - 3,,,
1255,31-12-2024,31-12-2024,11:00:00,4007,Period - 4,,,
1256,31-12-2024,31-12-2024,11:40:00,4008,Lunch time Starts,3001,2024,236
1257,31-12-2024,31-12-2024,12:10:00,4009,Period - 5,,,
1258,31-12-2024,31-12-2024,12:50:00,4010,Period - 6,,,
1259,31-12-2024,31-12-2024,13:30:00,4011,Period - 7,,,
1260,31-12-2024,31-12-2024,14:10:00,4012,Medditation Time,,,
1261,31-12-2024,31-12-2024,14:25:00,4013,Period - 8,,,
1262,31-12-2024,31-12-2024,15:05:00,4014,Period - 9,,,
1263,31-12-2024,31-12-2024,15:30:00,4015,Van Student,3001,2024,237
1264,31-12-2024,31-12-2024,15:45:00,4016,School Closed Bye Bye,,,
